date,city,pm25,pm10,no2,o3,anomaly
2025-01-01,Ahmedabad,20.33099590681583,75.85862540757142,18.780162681569266,18.010565731390862,-1
2025-01-01,Jaipur,56.52133525087231,55.79191888370951,11.172394569923272,26.897339111049924,-1
2025-01-01,Jaipur,52.33332918007572,39.40382556204548,12.272667698775964,7.585747382537175,-1
2025-01-01,Lucknow,55.76336121185663,24.74321467189773,12.88539961766774,34.480644531312166,-1
2025-01-01,Mumbai,30.65384356126487,61.46589044961032,19.39775266317585,8.925856876778802,-1
2025-01-01,Mumbai,33.2887022167128,92.2795049340236,14.086160991319463,20.90151481878793,-1
2025-01-01,Mumbai,1.2262511372345557,51.264483368805934,14.062547704244462,27.15260087236064,-1
2025-01-02,Hyderabad,46.15490510718085,77.5556773180471,26.39654291121215,45.580600930822754,-1
2025-01-02,Lucknow,23.74699847182263,31.56665319693357,27.28900589079847,17.206661195277782,-1
2025-01-02,Pune,15.547478551507393,86.04255806012011,11.788282022720727,14.955483306692225,-1
2025-01-03,Chennai,16.18779571535172,31.64137844357355,17.791494185982792,16.525071978710166,-1
2025-01-03,Delhi,15.620627998788253,34.74362086534492,35.359729009154734,35.28440675431792,-1
2025-01-03,Hyderabad,17.339258823021847,23.293350128420556,13.937898318304562,19.14103504951381,-1
2025-01-03,Jaipur,49.16391015761647,47.88864243893789,32.382233285885064,39.6562237184835,-1
2025-01-03,Lucknow,48.40793826260178,12.225769823565637,18.37437585413292,11.243947091557631,-1
2025-01-03,Pune,62.4467668400232,35.117042658202685,26.44193909763932,36.23961422675105,-1
2025-01-04,Ahmedabad,33.68394759840852,19.80142906558912,12.37632918466064,47.34117247789672,-1
2025-01-04,Bangalore,27.97278123445775,46.41643323856487,31.737499923121703,37.58863647103517,-1
2025-01-04,Chennai,61.57496138365742,30.893683835947783,31.71831468693504,36.29572599418505,-1
2025-01-04,Chennai,25.71085783023759,10.57049636412752,7.915401813514924,19.26436274701324,-1
2025-01-04,Jaipur,44.74387824877569,50.76032625860096,6.44453042374664,19.22155942052018,-1
2025-01-04,Lucknow,36.38063247756046,36.869432233079,5.150101236461948,23.31773170350041,-1
2025-01-04,Mumbai,28.12249599002657,66.62115891611049,30.770909856831462,6.631546414971439,-1
2025-01-05,Bangalore,63.883226756872645,81.0222159050312,17.127478439507744,44.57828061177224,-1
2025-01-05,Delhi,24.108703113338567,66.00370163966373,7.523767263246251,20.23519399685757,-1
2025-01-05,Jaipur,18.04271141091104,55.486825104321,29.263583291586443,38.44967123543364,-1
2025-01-05,Jaipur,30.06117929770525,52.02779028718687,13.873637553000016,50.82041274226951,-1
2025-01-05,Mumbai,9.301928110591938,48.54250395946234,26.205012689947687,28.031910076587607,-1
2025-01-06,Delhi,37.66224823846095,28.29754263551718,8.327708073755431,13.167184737105238,-1
2025-01-06,Hyderabad,13.821210716408816,44.50222571538156,5.936696797703469,26.869363052741107,-1
2025-01-06,Kolkata,15.876557782623095,65.12189824685638,22.817157363035108,15.2022695846917,-1
2025-01-06,Kolkata,28.409625386411182,84.76315299211687,12.874501312445496,36.608943153825386,-1
2025-01-06,Kolkata,22.764027067816937,21.03343303003977,11.510710158918682,19.667807678276446,-1
2025-01-06,Lucknow,26.49083114370912,3.2472742082515325,13.175895096655076,14.612985201787613,-1
2025-01-06,Lucknow,37.97353211139674,77.2774639928051,31.868305685771663,28.299207787220123,-1
2025-01-07,Bangalore,60.195917542723,48.56638754144774,13.659946698277142,45.00472566146128,-1
2025-01-07,Hyderabad,55.31374736805915,35.92005344909475,15.882330855965074,19.80692828042851,-1
2025-01-07,Pune,20.74608425746111,13.744645861435233,17.44680293683949,20.588798146022512,-1
2025-01-08,Ahmedabad,53.49485277816852,30.40754579481761,24.311089129515164,39.40322113280861,-1
2025-01-08,Bangalore,44.40101261963396,15.91548068303046,29.97936544790818,23.16324673418291,-1
2025-01-08,Chennai,39.10456432565832,27.77618374212273,12.409158835891406,46.29275298493409,-1
2025-01-08,Chennai,23.688038414252155,85.61138197811417,24.512639177805447,48.12487442573538,-1
2025-01-08,Delhi,22.78134175774106,18.18022797847668,11.36479472051752,28.756849790971664,-1
2025-01-08,Delhi,61.63439143017012,35.86005294360207,13.642540328335055,14.12899011495814,-1
2025-01-08,Kolkata,14.338555910113577,73.51260680240982,31.409082406018868,21.17024871075011,-1
2025-01-08,Mumbai,16.98502689316815,42.22764935825495,9.260265339784985,28.112173932750512,-1
2025-01-08,Pune,21.025778223242582,69.16549737447724,9.706841314608932,23.00497473236731,-1
2025-01-09,Bangalore,12.864969146027724,53.54472341332492,14.261630466974818,12.502176322912511,-1
2025-01-09,Chennai,42.06038592750144,90.00492334895051,19.52231676166913,43.17263512603068,-1
2025-01-09,Hyderabad,14.029622038200417,52.75057466138178,22.044433166290204,9.78631088990517,-1
2025-01-09,Hyderabad,21.359946190966998,41.725637361930296,25.77675963179267,46.43144991270735,-1
2025-01-09,Hyderabad,26.101220441965552,71.46509517983152,12.23773759322663,43.23636591636546,-1
2025-01-09,Lucknow,29.17195883432216,76.32616904359085,23.66261592602161,46.4021982972662,-1
2025-01-09,Mumbai,43.925874498769645,18.6404311167914,24.88700443632585,17.56143155004167,-1
2025-01-09,Pune,60.93156796154524,43.02731051297162,18.546829461036086,47.78113832812821,-1
2025-01-10,Ahmedabad,11.404435442920668,13.818114147580827,18.09521874920953,21.081866005209008,-1
2025-01-10,Delhi,8.006672253974706,34.34171499840932,11.110374911357786,29.88138949733656,-1
2025-01-10,Delhi,40.395327892118125,46.88468651378239,10.87052225200513,11.47253785828607,-1
2025-01-10,Lucknow,23.32113847964738,36.68136265647403,27.89061126410601,41.928304348518544,-1
2025-01-11,Bangalore,38.38750997678528,57.544166503559765,28.577910547170596,51.401635568993534,-1
2025-01-11,Jaipur,28.947696442156285,69.28096972506862,33.27292628714683,33.46658389051461,-1
2025-01-11,Kolkata,1.8080731207736136,30.383905792947058,23.499267923861314,36.70722792526696,-1
2025-01-11,Lucknow,8.516666725022716,68.93946656055242,22.5321348387131,38.13549974636273,-1
2025-01-11,Lucknow,37.68414989514968,63.338794132408125,10.494340741256948,58.89939708793533,-1
2025-01-11,Mumbai,26.992914745272827,73.00443373113427,25.275241180269923,12.14775400875607,-1
2025-01-11,Pune,61.12118486524533,52.15976504967023,17.664410421895308,8.801182913023851,-1
2025-01-12,Bangalore,43.27481189466587,40.31371001557157,8.05859949319876,37.70600303774514,-1
2025-01-12,Bangalore,45.854980197311626,86.33102365189346,22.052973417830422,37.86870255096677,-1
2025-01-12,Delhi,53.38552015633143,78.33635578893937,26.642082475422622,29.64634231860191,-1
2025-01-12,Jaipur,10.533100646192771,61.77057636374317,8.809813447693688,44.15618249268992,-1
2025-01-12,Jaipur,31.004184083045573,93.19887905031086,20.368556084556328,43.5089167761585,-1
2025-01-12,Pune,34.47309075691686,79.55723591754551,12.645202779448804,17.375833922038094,-1
2025-01-13,Ahmedabad,30.80939691866793,9.524431504562209,19.4147122826829,47.70014552628111,-1
2025-01-13,Bangalore,15.60941665404809,61.62723572982365,19.08250545748885,12.932351114530228,-1
2025-01-13,Bangalore,31.797006936491897,30.567390217242444,32.427151924454634,22.983804424923644,-1
2025-01-13,Chennai,43.14193827341554,70.11912660790318,5.468471732973615,16.26004270582484,-1
2025-01-13,Hyderabad,32.975103369742,93.2820317059053,19.026878466024645,32.28465667793647,-1
2025-01-13,Jaipur,67.70784583545476,61.93018343913499,20.86903744111425,22.277489273652517,-1
2025-01-13,Jaipur,15.71803208197803,34.80210416537837,28.344776520583512,38.96645174870873,-1
2025-01-13,Lucknow,28.865824825671496,74.72234522286135,30.932766900909478,27.325928627697007,-1
2025-01-13,Mumbai,30.19985258734165,97.49941709682238,15.492358163849074,33.452035397484266,-1
2025-01-14,Bangalore,54.45991354006233,25.039605184001896,14.710744118668773,27.53698310267316,-1
2025-01-14,Chennai,4.413394755604724,25.500373223234696,17.183125632077672,18.15514080551276,-1
2025-01-14,Chennai,46.63422822698127,39.68305711035268,18.1785040354812,1.708929294396544,-1
2025-01-14,Chennai,18.66678276963937,47.532171567459024,9.5892252025751,42.64950706055404,-1
2025-01-14,Hyderabad,15.244627542039812,57.79434311638751,29.800405079777452,33.942455906070805,-1
2025-01-14,Jaipur,13.823646891657766,57.08405156260402,27.23290915002976,28.86501036469309,-1
2025-01-14,Lucknow,48.80312051873399,69.40369044428363,9.27109615462976,35.813974072912245,-1
2025-01-15,Delhi,15.169191011421267,45.65217597273212,20.20253827702033,56.17632784571733,-1
2025-01-15,Delhi,25.026879895901885,26.522410161444636,22.827021301846237,13.205189598506824,-1
2025-01-15,Hyderabad,39.67884783273488,37.28720769419381,34.47203899358195,24.563807507191296,-1
2025-01-15,Jaipur,29.622938750756557,66.77534206307934,17.18175314304799,10.762546464275594,-1
2025-01-15,Jaipur,11.231405284495402,44.894242038088855,14.98058599984558,44.14088698118151,-1
2025-01-15,Kolkata,21.686650724108308,45.04549848570137,8.931664697588896,22.42497690703008,-1
2025-01-15,Lucknow,48.715566780994806,4.432401494269378,17.801434478628597,12.749869731593996,-1
2025-01-15,Lucknow,57.14511076288339,81.23472113265706,27.119389833778467,40.03450430336086,-1
2025-01-15,Lucknow,18.450747815809702,44.28794844920238,31.954978724913587,28.716357143273523,-1
2025-01-15,Lucknow,28.72898447813871,14.412954249980096,32.3603878433825,40.146138934753495,-1
2025-01-16,Delhi,20.117297956928876,64.77031408343163,22.55075237379288,46.71051046397271,-1
2025-01-16,Jaipur,7.192765077884033,42.006927157275015,21.13087060128848,22.74581616179825,-1
2025-01-16,Kolkata,52.45496957094109,40.718929163013456,18.006351880832323,10.930789844626757,-1
2025-01-16,Lucknow,8.735337806721375,51.87538777008906,13.509418330289172,28.648639500368564,-1
2025-01-16,Pune,35.10873947466693,74.68699561996786,30.01956891516357,23.53893708211021,-1
2025-01-17,Ahmedabad,55.46210349674364,36.04609565230085,12.218715483411264,43.07397544645082,-1
2025-01-17,Ahmedabad,32.567634535143135,80.21382999564946,9.357000217865458,28.886492033506407,-1
2025-01-17,Ahmedabad,16.53488774882627,24.75042596686619,25.62754227246933,33.34742494206986,-1
2025-01-17,Hyderabad,35.00441359460704,79.63810375424819,28.485232655914945,20.352000905675247,-1
2025-01-17,Hyderabad,10.875187447591085,54.73553903051104,19.19888134274426,20.92417260992267,-1
2025-01-17,Mumbai,34.25824889610111,87.1209094798993,11.3604012748075,39.20144719555596,-1
2025-01-17,Pune,8.239805578225901,45.6580686304369,12.471804989423376,28.636953123060604,-1
2025-01-18,Ahmedabad,15.755435581720436,60.85954664331047,36.24446355341884,25.328394359381072,-1
2025-01-18,Ahmedabad,61.62187278000843,33.24362427697074,24.881391454087904,17.750779371524658,-1
2025-01-18,Ahmedabad,3.5054385158199928,45.73940866545782,17.780612151087123,21.51056936227227,-1
2025-01-18,Chennai,12.01027572759891,75.12214348695588,17.373849596368977,34.704639876787084,-1
2025-01-18,Hyderabad,31.71619188615956,28.62707332402616,30.63906282957053,21.41722709633464,-1
2025-01-18,Pune,40.00139458472884,78.30303223997049,31.83904860056701,43.844502763383645,-1
2025-01-19,Ahmedabad,24.41771546875855,54.51757755278815,29.41957447399734,43.152468505673696,-1
2025-01-19,Bangalore,24.819078685772624,46.6105591165904,14.644663740717109,56.04338543625235,-1
2025-01-19,Chennai,11.96876181386127,42.40555004193768,19.116301952522363,12.797257457980333,-1
2025-01-19,Jaipur,26.69541132999631,89.73211412919912,25.12754959531581,42.230322829305976,-1
2025-01-19,Kolkata,25.827354891066555,46.87312640514728,25.171119187614845,50.72515228391603,-1
2025-01-20,Ahmedabad,16.91800784951592,24.17210241240439,32.327797682463306,15.006028397540469,-1
2025-01-20,Chennai,53.65273161239519,71.83800128680346,18.304805063785427,47.62012447751239,-1
2025-01-20,Delhi,42.58466349299497,72.6223717312834,15.131712065628022,46.12321863025329,-1
2025-01-20,Hyderabad,35.1018482768545,91.52037632107968,17.25550187448288,13.235775746096714,-1
2025-01-20,Hyderabad,50.20080349374331,24.483839783419263,6.608017104986432,36.15011386280138,-1
2025-01-20,Jaipur,12.684802622655273,47.18736044490856,30.99026674401249,28.15558476959062,-1
2025-01-20,Mumbai,49.627809424345145,24.78407975511169,6.675137471043238,31.198365097516184,-1
2025-01-21,Hyderabad,36.33976085949738,31.614432830837327,28.893173798608863,9.997176233682886,-1
2025-01-21,Jaipur,18.986503283097814,55.18116474905133,30.576445363707524,38.84016459918478,-1
2025-01-21,Lucknow,38.7749203454588,76.01360463617783,13.187747867386827,45.58963104237047,-1
2025-01-21,Lucknow,17.88697321414759,75.71055064817483,24.661408548492208,42.7556654338273,-1
2025-01-21,Pune,54.83810171472958,39.18516989075599,14.60105525430094,19.934975083292983,-1
2025-01-22,Ahmedabad,35.7256985132681,88.76493130149987,29.31824465329537,18.344393309645547,-1
2025-01-22,Chennai,22.94662765728301,75.47211927984205,15.036903783058085,40.77861455762174,-1
2025-01-22,Hyderabad,49.44985481448688,70.44962669022588,28.62351094015419,43.48519542946974,-1
2025-01-22,Kolkata,14.794761787542829,20.927462933428657,19.53955413097019,45.56457771211993,-1
2025-01-22,Pune,13.679995352169346,38.69883872940117,10.222227296748924,23.426969210214324,-1
2025-01-22,Pune,38.26454992354008,52.12562681837525,5.746395697660367,20.4192153381455,-1
2025-01-23,Kolkata,59.41642102190399,32.67030117703413,26.555048805705788,24.061292874826947,-1
2025-01-23,Lucknow,31.2367509153411,79.18467454167403,30.02358318889126,20.487313434955016,-1
2025-01-23,Mumbai,36.75847895933186,76.74651916672626,13.842467888367151,14.325090678118066,-1
2025-01-23,Pune,55.5353850401126,23.797097656272125,22.67408865850797,3.810212318078772,-1
2025-01-24,Chennai,36.65932296607558,20.22253016020743,24.702041130435823,44.484408878773976,-1
2025-01-24,Jaipur,28.749640112730688,40.10789164666809,36.21442211882035,40.26363860352127,-1
2025-01-24,Kolkata,2.00277701725755,24.191005876439768,16.66093703902019,37.37550808809517,-1
2025-01-24,Mumbai,32.44642481612577,39.974186839044535,6.769863011725814,22.08412390977592,-1
2025-01-25,Ahmedabad,59.39185565738434,33.907705720852775,17.64870162569847,24.56255946832213,-1
2025-01-25,Chennai,43.33354619886731,62.98765397968293,27.435171803573848,10.783113294141147,-1
2025-01-25,Delhi,45.23196956804057,75.94967568455719,15.143792935051067,44.257367365516856,-1
2025-01-25,Delhi,48.847094003026285,79.81183124298119,16.71526792866979,50.46198303509582,-1
2025-01-25,Lucknow,35.05155538169367,15.19741236018134,19.118905900103076,47.26071828614427,-1
2025-01-25,Lucknow,16.42981757053431,80.39780620376604,17.291953097185413,53.01228629252309,-1
2025-01-25,Pune,27.893060028056425,60.19128513071085,3.513970566912473,25.84706740143761,-1
2025-01-26,Bangalore,23.646069590349352,57.20058206253312,13.556493242217377,49.91007861383888,-1
2025-01-26,Chennai,35.05155538169367,60.66649676165893,30.024154377552534,14.790591153690494,-1
2025-01-26,Delhi,18.225791204377543,70.00629486247564,22.795300605025957,42.12677837066217,-1
2025-01-26,Mumbai,54.872146985287046,63.99321865079685,12.41658135876163,17.80411719507468,-1
2025-01-27,Hyderabad,40.87085300833368,15.925955023469475,13.04492727434504,41.52484380237319,-1
2025-01-27,Lucknow,19.962039850186983,83.8564484752573,15.408239969182082,22.172768273410608,-1
2025-01-27,Mumbai,17.535530295964275,34.28852087730617,26.786613128078383,47.07758104725313,-1
2025-01-27,Pune,25.88892427590292,51.42102248378388,31.558008872855268,37.496377882917,-1
2025-01-27,Pune,11.058430818269189,85.07923939529032,29.851472998253637,23.537011054231407,-1
2025-01-27,Pune,32.17737899743379,34.69373691525048,8.776388337469783,41.185732291525454,-1
2025-01-28,Ahmedabad,53.35997204935545,75.09872362649062,15.640041054384636,27.922307459741237,-1
2025-01-28,Ahmedabad,54.09461818825102,83.22348298288563,25.446998201174857,26.107087243681757,-1
2025-01-28,Chennai,58.21731040751499,56.40071290575962,16.424925658480273,9.944935541584904,-1
2025-01-28,Hyderabad,20.98220711741434,69.82965716214218,12.698146120885813,15.151936917431764,-1
2025-01-28,Jaipur,26.977295096756187,83.59047739212477,9.47958469140218,45.195151719610905,-1
2025-01-28,Pune,25.52678734290167,36.22826683862256,30.617928731065653,37.2413042576981,-1
2025-01-29,Ahmedabad,47.925865368586734,78.12761036925032,8.855535378317327,13.848488627156636,-1
2025-01-29,Bangalore,4.52444002600922,49.62894376931211,26.07612614240732,24.516123625964184,-1
2025-01-29,Bangalore,42.915969677363954,94.53976608962265,25.473158666021007,27.56586161400382,-1
2025-01-29,Chennai,44.29768008819296,86.25246945445446,23.265178077701897,39.44898826133113,-1
2025-01-29,Jaipur,10.86939149676935,54.51220766626169,21.77222872758956,42.078746378637234,-1
2025-01-30,Delhi,10.076127063223282,62.06044653642128,16.743818791661706,35.44979942907236,-1
2025-01-30,Delhi,47.71256605048069,32.1216456530084,23.325419610864294,49.0626648454254,-1
2025-01-30,Kolkata,21.470030533516795,25.78746610189809,27.697453406070263,38.69218401332912,-1
2025-01-30,Pune,53.39324028298857,55.441095592707946,16.82472987276361,48.12316976333369,-1
2025-01-30,Pune,63.05022625730085,52.98750172505715,24.96614356401517,44.027314108575226,-1
2025-01-31,Ahmedabad,15.755712570197003,30.742123563825903,17.47560361687565,16.873321430667666,-1
2025-01-31,Ahmedabad,51.23543599433299,22.51055741215533,23.536869839544043,41.53400086217537,-1
2025-01-31,Bangalore,18.818024276266023,67.98285007788172,13.996694493649096,17.978374785819497,-1
2025-01-31,Chennai,53.52970466202337,54.27077000132468,29.48586358406207,21.39965945043116,-1
2025-01-31,Jaipur,18.701238183511897,31.475283464170342,30.9703080815801,29.80643001051659,-1
2025-01-31,Mumbai,52.69176460342327,52.28399376309913,7.615326137829353,22.81200160257272,-1
2025-01-31,Pune,34.492962207000154,78.45016749096168,19.633659282817423,52.43425515477937,-1
2025-02-01,Ahmedabad,17.302594799878865,69.4663686102748,16.490746134322297,16.220823147008993,-1
2025-02-01,Ahmedabad,22.11258755640108,34.72472442814927,30.883317058754404,34.8972569074177,-1
2025-02-01,Chennai,51.94334261953935,21.76066695211804,23.29541777528449,34.509263503205105,-1
2025-02-01,Mumbai,36.69544423786977,19.84944647856502,37.33062882742897,36.28561901449294,-1
2025-02-02,Ahmedabad,7.829243388780323,63.08180897651614,15.342320078865685,8.525941697757847,-1
2025-02-02,Bangalore,41.37403742020205,25.89724284750418,15.561981128856829,48.82425922697613,-1
2025-02-02,Lucknow,17.649670386206225,58.4143251423729,31.66849857389565,21.02099518681431,-1
2025-02-03,Chennai,26.674749434174217,74.81475866864452,19.33910493556912,49.79467728878568,-1
2025-02-03,Delhi,52.27120780784887,91.36812943562488,9.43367882699135,32.85966230427068,-1
2025-02-03,Hyderabad,40.978052305387045,52.15001896516184,12.287652318104524,4.776871609283589,-1
2025-02-03,Hyderabad,27.07577968656744,40.80344425156752,7.450342063962951,36.4422247497001,-1
2025-02-03,Kolkata,46.36909211605879,70.20134572071072,13.606557828276138,13.665161757469168,-1
2025-02-03,Kolkata,16.14764504175816,63.71934362968227,7.277660736084977,29.171664825077684,-1
2025-02-03,Lucknow,61.741404991957474,28.276008620142584,14.64925080579306,35.6642729950712,-1
2025-02-03,Mumbai,49.67001127453021,83.74221033040428,24.81655694767968,22.154926557976623,-1
2025-02-03,Pune,43.29498543541828,25.97587358030333,17.23700268302916,51.78539265071989,-1
2025-02-04,Ahmedabad,24.349870325080506,89.22243830493127,21.31732183163582,30.72475185925673,-1
2025-02-04,Hyderabad,49.05139850714588,76.16152531083404,10.139955246279456,25.951188629798143,-1
2025-02-04,Hyderabad,21.741978075600382,91.66452213952928,21.76861209421443,49.877933946521416,-1
2025-02-04,Jaipur,27.21122123457488,8.44807426756524,25.8302161166928,32.130400671100084,-1
2025-02-04,Kolkata,59.44581255523013,75.53457380151653,24.97115991324628,29.129814538054863,-1
2025-02-04,Kolkata,29.61534901087603,44.72584263255058,34.51460021057514,23.431508179375328,-1
2025-02-04,Mumbai,46.90671672732214,95.85866006840604,15.486132654177318,20.82650062769718,-1
2025-02-04,Pune,12.46989799000556,45.66494426006821,13.937387615787518,20.752968546724905,-1
2025-02-04,Pune,48.69777678488767,60.35579699757908,8.234060747004788,46.46180203972466,-1
2025-02-05,Bangalore,48.91733954600223,33.66497641334691,32.46466563181325,22.0971848929198,-1
2025-02-05,Jaipur,20.1674380342214,47.79415108678014,16.193893798982288,50.67903353046145,-1
2025-02-06,Hyderabad,37.99052534871363,99.66360442389464,29.330741321691264,39.03767127721123,-1
2025-02-06,Lucknow,50.64919226011982,46.89505344744437,34.12630560274167,15.224690892500233,-1
2025-02-06,Mumbai,15.034342609047323,61.369278825554446,11.78052470113346,27.61416950178681,-1
2025-02-06,Pune,56.184546763285226,27.192083246644582,24.11415843306954,36.097777551555566,-1
2025-02-07,Delhi,31.76579260368125,75.39293098150384,33.900813897078464,29.88639403068886,-1
2025-02-07,Delhi,21.329592253694575,4.085383331105767,23.936996304185875,23.90474073927045,-1
2025-02-07,Delhi,51.9493565840133,46.22096366672176,35.566782360576404,42.85828339098185,-1
2025-02-07,Kolkata,40.18926516634476,13.399800365711677,28.138318779373925,42.16509270593265,-1
2025-02-07,Mumbai,7.659755688613089,71.99898471193038,21.57073353316281,35.79217839538827,-1
2025-02-08,Chennai,26.99853948295824,59.8002951492901,28.11122397369828,43.08421818207759,-1
2025-02-08,Jaipur,42.32481356169821,19.664276866111308,8.293319982148542,24.206295814639265,-1
2025-02-08,Kolkata,49.14454101200565,23.18687551003636,8.988533552394806,38.86637958855991,-1
2025-02-08,Kolkata,38.22239255804314,102.84064338903308,14.276154192828407,38.411732192156,-1
2025-02-08,Pune,60.67657632323224,25.925187384906312,29.600036747551545,17.924653753640193,-1
2025-02-09,Ahmedabad,41.268631520708446,57.678647911558095,7.162711130452525,17.685117070084104,-1
2025-02-09,Bangalore,37.84890685776541,10.20742251111615,31.54674776185268,23.51139592458418,-1
2025-02-09,Jaipur,21.473836932282587,46.28964095254448,8.815043039875814,17.314570289117004,-1
2025-02-09,Jaipur,64.13047124536342,62.00687447090074,12.6684540650197,21.222650114020617,-1
2025-02-09,Lucknow,56.00263427884882,41.67007765268208,24.62181993477825,9.99340071852968,-1
2025-02-09,Lucknow,53.94761748181407,47.33036165713466,29.661400341561546,34.06255837266397,-1
2025-02-09,Lucknow,43.105678966037416,40.492265040882685,6.370563068594743,39.27445872761046,-1
2025-02-09,Mumbai,58.50229744234623,39.23622433415896,27.67095183621813,18.888709695399964,-1
2025-02-10,Ahmedabad,11.664153129869009,13.864718908681953,20.82681880436494,30.65311656740822,-1
2025-02-10,Ahmedabad,31.03312362660652,27.772444292110816,33.310360949572484,25.13961846962308,-1
2025-02-10,Bangalore,48.85991262341342,53.776102785556446,8.78426620076616,39.29010172420495,-1
2025-02-10,Delhi,10.804404221564411,43.748884064516034,17.74394987834139,39.09383132215777,-1
2025-02-10,Hyderabad,35.05155538169367,56.471981644650654,31.22936824711573,43.12835395403556,-1
2025-02-10,Jaipur,47.77840923234645,52.82152962669444,20.839322410076704,56.68618673731024,-1
2025-02-10,Jaipur,13.6505471721965,34.84580832258002,15.340457143973094,16.74518691443683,-1
2025-02-10,Kolkata,30.54779790236234,53.38640610952394,31.000793703038013,15.410374792909376,-1
2025-02-10,Lucknow,53.94569273958325,68.86697081725046,30.328468479699048,37.87020029045798,-1
2025-02-10,Pune,28.094336248656383,92.98733939789813,21.639023656277796,34.95045805958616,-1
2025-02-10,Pune,55.94163202006849,41.9616276064716,15.05647698661378,42.646435580665,-1
2025-02-10,Pune,26.4152408068456,53.88430225121873,32.54655032786043,38.762584218341885,-1
2025-02-11,Delhi,60.80357556572893,49.47415547195703,20.84965597471169,13.280235947918609,-1
2025-02-11,Delhi,53.237379857669325,30.80436067531276,26.595952359343464,41.37447099443148,-1
2025-02-11,Lucknow,38.28376911969136,10.70109555018562,10.819834672361988,25.65613278516532,-1
2025-02-11,Lucknow,60.78024290747824,50.09212983831648,16.796758849069523,20.388568898232972,-1
2025-02-12,Delhi,13.40980646755638,71.56513272025003,16.573015730308953,20.97061792465302,-1
2025-02-12,Hyderabad,67.56265507194796,59.87978119325787,23.34448330281297,37.69920574343956,-1
2025-02-12,Jaipur,53.60475170379048,34.098738260782945,19.535717138276897,44.640074751370136,-1
2025-02-12,Lucknow,11.049003976849178,60.50686564070092,7.973430667728998,23.06811994446055,-1
2025-02-12,Pune,62.54769625416965,62.863033763861765,15.334163203654573,23.876195838764744,-1
2025-02-13,Chennai,24.620121906833457,83.24630251323103,24.980768125957383,20.59917955003703,-1
2025-02-13,Chennai,9.16425613676564,33.08786099033212,13.669382152123308,34.66588398475552,-1
2025-02-13,Jaipur,54.034415992076894,65.51938680368033,31.342581176567148,25.66528884950218,-1
2025-02-13,Mumbai,25.280607029177965,42.75973926865894,8.033941953211816,37.04450709315371,-1
2025-02-13,Mumbai,42.81100156651406,59.27482766890793,5.811573860305419,14.989040533016336,-1
2025-02-13,Mumbai,6.1958358856240565,67.97871196913701,16.14330957478718,28.046667968872008,-1
2025-02-13,Pune,39.36119154550092,40.15134372602596,12.988757435573335,51.8584888787,-1
2025-02-14,Bangalore,31.64360424545143,14.855329980639937,10.748724349073788,28.508855738719056,-1
2025-02-14,Chennai,50.94968584809304,62.45999563542559,25.588301301104373,47.51397169936519,-1
2025-02-14,Delhi,36.251650485219294,20.03603141209752,17.430596617697233,47.1711311745615,-1
2025-02-14,Hyderabad,66.15723023324837,39.24191830075404,15.307370758736294,45.08539763872288,-1
2025-02-14,Hyderabad,46.29319390261968,40.76301995323303,33.52623589286421,24.745439231401555,-1
2025-02-14,Jaipur,25.338175341842803,49.4689522030482,31.516628025047314,36.28476986128942,-1
2025-02-14,Kolkata,33.679042244932866,71.54372063330749,12.36159189796771,15.689678159533266,-1
2025-02-14,Lucknow,21.89050800344852,84.70076416610692,25.133452398096328,35.99205512258988,-1
2025-02-14,Pune,53.38784272096117,56.988246160525016,8.634640104547817,47.81801903733991,-1
2025-02-15,Ahmedabad,52.44610296543989,65.86352455688366,10.534505121645296,30.57665825135448,-1
2025-02-15,Bangalore,35.02773564492827,12.629795541073136,10.173667089163905,37.57670710264229,-1
2025-02-15,Bangalore,50.41219051544034,31.092281424792933,11.366050041814866,18.867251355112955,-1
2025-02-15,Hyderabad,54.87065550159701,61.902471858540295,33.16516282500696,30.675770547735134,-1
2025-02-15,Kolkata,20.14958008430057,76.40628222032086,29.389598079560734,42.39528251782908,-1
2025-02-15,Lucknow,56.64250540300366,42.99674016021102,32.66389222308253,17.23070573078038,-1
2025-02-16,Delhi,24.28956688146936,78.65136275955595,8.144643812585544,20.947452916964043,-1
2025-02-16,Jaipur,38.199360394252366,92.78641015177011,30.142079493686136,31.558264572223845,-1
2025-02-16,Mumbai,54.75016238083019,75.5080995392357,15.467021213151009,36.408776241591966,-1
2025-02-16,Mumbai,46.13243704535736,54.14837694458611,32.737128729934554,38.12850574412064,-1
2025-02-16,Mumbai,47.53328711032931,54.82337570913366,9.884049485153913,42.15668209583701,-1
2025-02-17,Ahmedabad,37.48105630306383,25.546866525540825,32.12500634340525,17.953870019354728,-1
2025-02-17,Ahmedabad,32.85402748764568,76.32923169719476,7.903903959424277,25.666611900551693,-1
2025-02-17,Hyderabad,48.50187154284292,24.033770807125023,29.47101264922621,43.66821967644408,-1
2025-02-17,Kolkata,16.609994953291057,31.850969981974487,37.25787831305501,31.49111393134944,-1
2025-02-17,Pune,54.77759784828832,66.88009525769834,18.265687123483907,9.688804946231144,-1
2025-02-18,Ahmedabad,19.520653585544785,55.46328848528604,10.772404499572154,47.03537440998299,-1
2025-02-18,Ahmedabad,61.743670037048574,59.84319086710048,23.04482220493291,46.51733116774099,-1
2025-02-18,Kolkata,63.28018639486876,31.440525247818872,19.7215819262954,36.900382269510864,-1
2025-02-18,Kolkata,30.80872363208072,65.08064889952612,30.690486457753128,6.151267208152198,-1
2025-02-18,Mumbai,56.03174310790422,52.345107435667785,12.041431291860992,42.31749538533701,-1
2025-02-18,Pune,20.665108607436142,49.28228640663031,9.317803846168806,36.622665117911765,-1
2025-02-19,Chennai,1.6267483529127205,38.23669275322521,21.045845650019192,24.54000999506617,-1
2025-02-19,Jaipur,23.1615947289969,12.725132957096214,11.347190421263749,19.593372182646416,-1
2025-02-19,Jaipur,22.60763346844357,21.10724614964223,26.708865117274392,23.215314377528426,-1
2025-02-19,Jaipur,40.92432379122451,94.81508752683747,16.388446809875198,19.67829558839476,-1
2025-02-19,Kolkata,14.429665103824105,44.20180930201423,9.538191299722476,26.05122205844806,-1
2025-02-19,Mumbai,46.62539660282855,25.57702196855644,29.302923273853864,33.35815981170368,-1
2025-02-20,Ahmedabad,20.598743763677582,58.55001091141151,11.725016063662869,42.009725877123074,-1
2025-02-20,Chennai,38.67092496324422,88.13604005305649,23.295949839279093,39.58710026074584,-1
2025-02-20,Delhi,27.585527601453663,21.09079786268171,9.70505552169316,38.75473447723086,-1
2025-02-20,Delhi,6.241323907896618,45.88615199886462,25.826929321796143,34.055476605363786,-1
2025-02-20,Hyderabad,26.438537461903927,29.31175404949061,29.720817482544312,24.949473528655204,-1
2025-02-20,Kolkata,25.81991803852036,21.84417558361937,19.17503870676416,44.31423841568842,-1
2025-02-20,Lucknow,15.396806910264305,50.92758776751475,15.233075440153566,8.73447912183326,-1
2025-02-20,Mumbai,26.772243037401644,42.68038540755551,32.64886007127176,33.91970980034767,-1
2025-02-20,Mumbai,38.62781778674668,19.162758611914796,7.157706880727597,27.0045311367822,-1
2025-02-20,Pune,10.233514661067248,62.416174448631125,14.88729567947508,46.63164628766757,-1
2025-02-21,Ahmedabad,7.069842026427018,54.83693683772736,19.05671156039704,24.78065173048563,-1
2025-02-21,Chennai,35.676598240016595,24.59644362027045,7.626397305534443,31.276355695562188,-1
2025-02-21,Hyderabad,26.804735720175728,96.83889691048722,33.31374178304369,22.62211429297506,-1
2025-02-21,Lucknow,28.8786116118546,86.89296794420844,28.19542793862444,34.47480066722566,-1
2025-02-21,Pune,12.5535674981801,47.056503575190106,21.639995875308763,44.19571366648312,-1
2025-02-22,Delhi,58.34478506207569,26.53012966023288,24.174401275165074,31.06709984035497,-1
2025-02-22,Delhi,41.34065898165833,65.00554071207935,29.4170643216787,56.76050235894591,-1
2025-02-22,Jaipur,29.42732302058827,83.01316718227662,17.81968092762227,18.331770524476813,-1
2025-02-22,Jaipur,54.26729559795911,70.65713630052728,23.19745487334976,48.7388931855301,-1
2025-02-22,Mumbai,22.93172786068744,80.0314621976376,19.920145219701496,14.714573988727292,-1
2025-02-23,Ahmedabad,27.798880133349755,59.67119318568358,8.04239632360906,19.98263673890114,-1
2025-02-23,Chennai,60.189931443695386,56.85330855663896,13.605221388341604,33.40458586723437,-1
2025-02-23,Delhi,52.25368416833513,76.71986881284181,25.797185704579757,16.654623367293624,-1
2025-02-23,Hyderabad,52.26401923022655,59.19422650588099,27.80858533474452,17.66862977418532,-1
2025-02-23,Kolkata,57.88505574552813,31.50089332078972,25.7227002167724,33.91495400910888,-1
2025-02-23,Lucknow,29.35081102788546,21.941056773626645,23.851103543544877,43.226345316768416,-1
2025-02-23,Lucknow,40.25316823296878,29.691852515451437,8.906866516111222,22.07708323321431,-1
2025-02-23,Mumbai,56.51505879358941,83.32867965936086,27.922450572590545,40.3171617284296,-1
2025-02-23,Pune,60.78818326486571,44.64540256305022,13.625896321705875,22.64902131563579,-1
2025-02-24,Bangalore,37.178944664302925,72.83562871453091,31.20966642145682,33.38592579965841,-1
2025-02-24,Chennai,55.48275862365109,66.6194572461229,33.71461251608378,29.4921281897478,-1
2025-02-24,Hyderabad,29.229657834235883,76.19643993803645,13.170147558658918,11.750533896491554,-1
2025-02-24,Jaipur,61.2030067540185,33.38754216941189,24.38871949806533,31.014223532867383,-1
2025-02-24,Jaipur,56.24741494293112,49.54215526379032,12.631238784990128,46.61990358687737,-1
2025-02-24,Jaipur,26.074671951897518,51.44584175874224,33.9372344860486,30.22262322021084,-1
2025-02-24,Kolkata,17.95085798796251,57.22566507272721,30.55468879741748,17.46440025096663,-1
2025-02-24,Kolkata,49.953753886070416,51.89172895569589,9.211128299974469,38.14459584858044,-1
2025-02-24,Pune,27.77288748530726,26.45227474799739,6.328210081834985,4.055358252568887,-1
2025-02-25,Bangalore,51.93390472052848,22.536327099562527,30.177369539579303,36.3022189782971,-1
2025-02-25,Hyderabad,14.814791635148712,77.1724728427933,13.463217561850293,32.749584669961465,-1
2025-02-25,Jaipur,7.636057056302398,73.48633239574741,11.871776368614066,24.983805148530447,-1
2025-02-25,Pune,16.455538229462448,67.01805468381198,29.656566299634385,25.330434292022797,-1
2025-02-26,Ahmedabad,52.63989322214887,53.217035025054535,15.16904995710728,44.48007468883587,-1
2025-02-26,Chennai,50.60511755394107,83.94435054987615,23.097093136007786,18.07730558108031,-1
2025-02-26,Delhi,39.63070771087845,72.17113767726109,21.6114694642658,12.330598931093036,-1
2025-02-26,Hyderabad,24.592576734057317,37.77378465676289,13.04718102548602,3.0948097495601097,-1
2025-02-26,Jaipur,11.658361982584683,45.47317802873234,17.78710600317007,38.438453463579656,-1
2025-02-26,Lucknow,28.48447685837627,29.088225740320585,13.945803019123888,46.866501235146906,-1
2025-02-26,Lucknow,51.91474149832389,35.980231996786785,14.206612583460377,46.75793146408354,-1
2025-02-26,Mumbai,33.03026714434954,30.96711800904748,7.112948227488857,28.24344201814896,-1
2025-02-26,Mumbai,10.827365618946123,79.8030799443314,16.19960711884133,37.63687176568012,-1
2025-02-26,Pune,34.507972734642124,35.35666614898925,30.875571842109743,41.35494187065145,-1
2025-02-27,Chennai,50.93301042202504,65.4708935599365,16.610701389354503,9.735783403573668,-1
2025-02-27,Delhi,11.34306840291331,65.51086718419242,4.306025243962035,29.63007793645788,-1
2025-02-27,Jaipur,16.811508092585207,63.68852832174866,6.351027891296646,29.533058742093893,-1
2025-02-27,Lucknow,30.42435512542697,68.23936182002177,29.468740031675136,6.290885161495307,-1
2025-02-27,Lucknow,44.66998074088211,59.293367122975056,34.763242740026925,27.29033181511839,-1
2025-02-28,Ahmedabad,42.98468303507554,66.70490981696042,34.00621454859301,26.207971449087047,-1
2025-02-28,Bangalore,43.951940033144425,12.55730288542427,20.32854510390162,41.011507745176594,-1
2025-02-28,Chennai,50.96399387205152,38.81196096064866,8.442371384188743,28.36015308361992,-1
2025-02-28,Hyderabad,14.672137302582048,62.89827839274673,22.083575821031765,19.103923176844816,-1
2025-02-28,Hyderabad,6.862655301858929,65.20777439720771,15.00978527468012,33.773574937595,-1
2025-02-28,Hyderabad,23.16689031647953,23.627297384143127,15.405153929729751,17.692862082263893,-1
2025-02-28,Kolkata,33.52987489263977,39.76772412127061,24.2829164517279,3.484558278371953,-1
2025-02-28,Lucknow,46.09679632726399,24.84591024409595,28.46758484646688,31.50996126514848,-1
2025-03-01,Bangalore,39.77092576214096,14.508234200714426,28.633161616027174,13.203095407261202,-1
2025-03-01,Delhi,23.07521842952932,20.106988812426145,24.631188949917917,40.97132893408197,-1
2025-03-01,Hyderabad,55.56892823128796,80.12432791456212,25.694336769336424,27.061450106704207,-1
2025-03-01,Jaipur,32.48838039290035,70.5456203275165,30.424470838951866,44.10594192397544,-1
2025-03-01,Jaipur,50.740247202167545,18.168147217650397,23.65684315629041,37.51982923618797,-1
2025-03-01,Jaipur,57.77721093695759,81.79160400637153,19.659699781899704,21.037006062267903,-1
2025-03-01,Lucknow,62.87836206473304,31.620622072300225,17.710884871033706,35.52231723131421,-1
2025-03-01,Lucknow,26.062343520443576,24.87801869804216,20.74453518414522,13.179535354506555,-1
2025-03-01,Pune,60.47970462813669,29.216770718515583,28.598365527623912,38.5269237667539,-1
2025-03-02,Hyderabad,10.44817168274069,47.183303202290254,33.339846586174005,35.70822529221419,-1
2025-03-02,Lucknow,26.46470730834116,28.63866593867727,27.6456618963788,47.20606556650914,-1
2025-03-02,Mumbai,25.201044769755217,69.9563414218334,15.666301995716758,47.33427242857528,-1
2025-03-02,Mumbai,26.312973382385778,73.41749401354897,27.942842687659336,16.830663702473608,-1
2025-03-02,Mumbai,22.121434332739742,43.86637386218239,29.451110125798635,39.39435384411073,-1
2025-03-03,Ahmedabad,15.69493842177238,80.99975018037019,16.641799960970417,22.53111948883629,-1
2025-03-03,Bangalore,35.15716971496262,32.09403797511099,33.16916840971764,26.35893529002572,-1
2025-03-03,Bangalore,12.952286258712633,51.68297199756774,14.112311165132931,37.52345917592289,-1
2025-03-03,Delhi,56.21934575582831,60.18221270292661,6.692296219771631,41.00913135080463,-1
2025-03-03,Kolkata,33.1512612313694,24.391138565282656,30.729652191966068,31.17056106665822,-1
2025-03-03,Pune,10.485708181137184,35.54442276896634,27.92931061928641,17.323093263638206,-1
2025-03-03,Pune,27.8574226232266,26.64282860899982,31.37316680255928,23.967782722428897,-1
2025-03-03,Pune,53.087858966416846,53.64262326804639,9.704839816916866,32.42764349354097,-1
2025-03-04,Bangalore,42.86190177768518,79.75200641252954,10.949094981432388,20.108739509795274,-1
2025-03-04,Chennai,10.231744658233731,42.56880406288471,25.93267332053672,31.221301381382133,-1
2025-03-04,Kolkata,45.141743819976384,36.89134902736276,33.997579392936856,20.89771898898584,-1
2025-03-04,Kolkata,27.67604965191105,71.41416377599096,30.554108163730422,40.63671266383096,-1
2025-03-04,Mumbai,33.24591873877605,13.942258354718732,26.68235051483618,40.46952833976629,-1
2025-03-05,Ahmedabad,39.46212157692493,88.07553167223081,27.871110959728984,24.129888318086,-1
2025-03-05,Ahmedabad,42.59910506554905,23.35021426446865,6.601189449513514,25.069205606279,-1
2025-03-05,Ahmedabad,27.206022887977763,20.267650364466363,8.42951388835058,24.131612545198053,-1
2025-03-05,Jaipur,16.989290178298898,74.88715260653979,17.63132223957792,41.74057075156351,-1
2025-03-05,Kolkata,25.64874883901512,10.340807937129256,17.232136236129964,40.64638495059818,-1
2025-03-05,Lucknow,59.51306926113733,82.57343220016688,14.212830866711002,35.59899849327013,-1
2025-03-06,Bangalore,41.11409401919644,87.29588359965284,16.303379982316127,39.86579281812494,-1
2025-03-06,Bangalore,28.58441978005143,47.13060121720899,34.53335767086448,44.77497949758576,-1
2025-03-06,Delhi,54.48485104967182,48.76850147692786,10.873481569916864,30.71290866352213,-1
2025-03-06,Hyderabad,54.7028293257836,49.05025223091805,14.68382549034289,13.095112561786465,-1
2025-03-06,Jaipur,18.54818286605149,45.63930901272531,14.43576703608869,43.91239954116568,-1
2025-03-06,Mumbai,19.76376331902816,62.74326399507248,22.628766799067773,49.81141767118456,-1
2025-03-06,Pune,59.2961251351492,45.54741856890019,12.25512314403958,38.88322880474617,-1
2025-03-07,Chennai,31.617942773898022,81.49843821668014,10.561305958577744,20.90348939993121,-1
2025-03-07,Hyderabad,33.5207986931366,50.98992809656017,13.772464166779722,50.44945279163469,-1
2025-03-07,Kolkata,40.48869327238591,72.28686376047081,31.99834006096123,39.61764692855472,-1
2025-03-07,Kolkata,16.366270041821306,25.923550267225156,14.039467887939772,28.76231637119545,-1
2025-03-07,Pune,11.898513214522342,65.11834579235241,18.757950195713757,23.784187656500524,-1
2025-03-08,Bangalore,39.45024755903456,62.3556651303924,16.69511486659091,9.210116087497315,-1
2025-03-08,Hyderabad,32.774505992376554,70.65151797508176,22.099158352147565,9.01916583656088,-1
2025-03-08,Hyderabad,57.38914718047771,50.16356643078163,12.844029072000271,36.568275498145525,-1
2025-03-08,Kolkata,15.265038845196592,23.83403203518559,12.03378009428794,33.55089867996346,-1
2025-03-08,Kolkata,51.05253436334692,69.38417801635765,16.247388217841646,18.70656379597733,-1
2025-03-08,Kolkata,55.27725226774545,42.71654627809295,24.93392267988549,8.716795830030353,-1
2025-03-08,Lucknow,8.925467248962956,70.40563121172511,20.0395161029594,29.11741008303022,-1
2025-03-08,Pune,42.03943148409925,84.82710661993698,23.94887614669978,41.06475914596245,-1
2025-03-09,Ahmedabad,59.7798620443283,48.25629820951261,10.493358106111298,30.97262822649617,-1
2025-03-09,Chennai,69.2382667139583,46.51350005985059,24.767334776755757,44.468314482939,-1
2025-03-09,Delhi,29.528814798969965,49.25293330790964,14.412914322248874,7.143828788250694,-1
2025-03-09,Delhi,10.431173332633245,50.65594267739626,12.617355278717186,26.269438677837275,-1
2025-03-09,Mumbai,47.11497908213212,63.82258547536401,34.188236317403266,24.309768145046466,-1
2025-03-09,Pune,22.96749156510318,72.37928952733597,21.15233801507326,48.62929224295746,-1
2025-03-09,Pune,7.115239445611458,18.15862822871391,21.24852884330144,35.062548866486985,-1
2025-03-09,Pune,15.062308490021609,50.023131338423866,28.540772299175167,21.89362005699899,-1
2025-03-10,Ahmedabad,38.79936237512875,95.47911533347008,13.771807543620152,19.90042833322372,-1
2025-03-10,Chennai,25.724364836300254,40.13538157231077,8.165243557639387,39.367547659430045,-1
2025-03-10,Chennai,48.32368351354776,83.74354212439417,28.86905475269203,43.73585094752733,-1
2025-03-10,Jaipur,28.263008136759563,84.31765215131946,20.66766885794127,43.339326715783656,-1
2025-03-10,Kolkata,30.227931343574976,71.76028339843342,10.911687959349065,46.880171147924,-1
2025-03-11,Bangalore,33.15137230791897,78.8569868642014,27.479857782321677,46.155744496279766,-1
2025-03-11,Delhi,6.900387505028661,57.56924818455205,14.464550312539536,9.943674435857314,-1
2025-03-11,Delhi,50.07133122572672,83.06167026544898,24.541184841587256,31.003848934358075,-1
2025-03-11,Jaipur,51.38269928852824,38.453075873793466,18.61009995576684,49.35999489033638,-1
2025-03-11,Lucknow,30.200687776074044,49.25273190587788,15.636468900690303,7.15691161289962,-1
2025-03-11,Lucknow,24.28486475010138,93.49640194163882,21.69679422373454,25.3511923824268,-1
2025-03-11,Mumbai,19.052320931553894,57.45974122002992,28.57237138769881,15.584279169650491,-1
2025-03-11,Mumbai,44.8490314013909,88.84864619650855,18.285385112634117,39.05054379219903,-1
2025-03-12,Ahmedabad,61.781956960004784,51.62468145821423,26.47534476478646,34.391819475785844,-1
2025-03-12,Jaipur,12.507071692144578,46.13355344853958,27.743547062752477,41.05221593488029,-1
2025-03-12,Lucknow,18.938519440302,53.80889469769809,26.099976318791267,11.629919998806509,-1
2025-03-13,Bangalore,7.968960580754299,44.73080406071374,14.931691353470326,30.943778444282643,-1
2025-03-13,Chennai,57.30820728868354,41.12212661551772,28.16568574643534,43.39856192174158,-1
2025-03-13,Hyderabad,23.28516449166789,20.39009832651445,13.20198311220793,43.66728028932644,-1
2025-03-14,Bangalore,23.6848162467847,78.59028165007886,17.860593680177566,51.3853037420348,-1
2025-03-14,Chennai,11.095696407567097,37.55329766695934,18.125591476986653,20.71554154200049,-1
2025-03-14,Chennai,47.95481426066113,71.16133053089105,20.36155238053626,49.32362406043257,-1
2025-03-14,Jaipur,26.871203848188504,89.91013259292173,30.28955453451392,20.576196542483714,-1
2025-03-14,Lucknow,55.79722709264573,79.71576023041497,17.711506798774227,34.00198486549756,-1
2025-03-14,Pune,26.704567517900045,49.14616509990479,25.386738145486547,6.724446284829892,-1
2025-03-14,Pune,57.41334711893711,53.7134953728341,29.36593399581802,33.3056753940288,-1
2025-03-15,Bangalore,64.5170623796682,62.79160598855955,21.997665789281587,40.12772425994061,-1
2025-03-15,Delhi,15.541547483849987,40.649596274536925,12.899203911844392,40.60866419312615,-1
2025-03-15,Kolkata,44.05936733691682,27.236031599250204,29.362777119329,19.758024739501103,-1
2025-03-15,Kolkata,57.61303411787146,45.37513227983381,10.560946982034032,36.41519811711306,-1
2025-03-15,Pune,46.06769535221841,44.38877958896046,14.864086899804704,50.38905918359728,-1
2025-03-15,Pune,31.224557982837997,81.49767049581962,24.052325827070245,16.25392901706457,-1
2025-03-16,Bangalore,50.98102627347792,42.02585697755153,30.237492157203747,36.91346238597422,-1
2025-03-16,Delhi,13.48223487731414,45.70652340651873,20.372397556734764,13.927816849491236,-1
2025-03-16,Lucknow,59.26842220788528,46.94315301538427,15.21977856736668,37.35336447081016,-1
2025-03-16,Mumbai,49.57777856920978,86.09843474841904,23.461997735472565,22.09386195896366,-1
2025-03-17,Bangalore,15.36851606619393,41.93759391805023,15.068098218977466,10.846788903207948,-1
2025-03-17,Delhi,18.263298694131585,23.842822915612217,11.100580788203624,55.05505994382267,-1
2025-03-17,Jaipur,10.976704881439332,44.90000595634626,29.119892474104496,25.05867020722981,-1
2025-03-17,Kolkata,29.99539009321281,25.141708060282674,16.30547613541102,2.512411340522359,-1
2025-03-17,Lucknow,54.10047294816556,30.667255564064774,13.477122887230676,26.791506272557776,-1
2025-03-17,Lucknow,52.18760168580536,61.50452772611358,23.91807501117016,13.019082668883552,-1
2025-03-17,Pune,56.37885894176351,31.482704042995827,22.27088300748177,41.90360935090109,-1
2025-03-18,Bangalore,33.6546635921128,35.36872889434884,18.89970294787249,56.1178652803992,-1
2025-03-18,Bangalore,31.992591077596074,98.3188856725868,15.05475697849769,33.0799541749148,-1
2025-03-18,Bangalore,33.55872784343838,16.447528153347328,29.74513922354953,50.63977106445293,-1
2025-03-18,Delhi,6.147651564604885,36.43414327656117,16.30201305228119,26.80431500430114,-1
2025-03-18,Hyderabad,34.567466830537896,24.93141574796422,16.787439671214624,8.069728473591173,-1
2025-03-18,Kolkata,58.10306312419829,65.3062563211736,13.10702601107876,48.31523711910238,-1
2025-03-18,Mumbai,24.75140194136528,23.26756449429352,20.464087179202668,50.311227574048594,-1
2025-03-19,Bangalore,32.60178701205872,55.23077218652911,35.464734694049554,38.309369316686336,-1
2025-03-19,Bangalore,23.40138434723064,59.32478289356891,26.49335343808101,8.452572373479388,-1
2025-03-19,Hyderabad,38.05402471282635,8.862345529547994,21.029416179112648,44.52603775816885,-1
2025-03-19,Hyderabad,15.680405544763191,23.13613990846272,20.4365436133072,40.076490523655046,-1
2025-03-19,Jaipur,14.8113772306959,33.45702240043276,32.854962828991475,45.01093122687783,-1
2025-03-20,Ahmedabad,23.47883533293168,8.091049949219808,19.897875858589728,40.33445492671843,-1
2025-03-20,Bangalore,45.54903732814229,53.32224329838946,11.420821867708169,10.712096589640026,-1
2025-03-20,Chennai,12.03620339059736,66.94086293793,27.250958840479772,32.29155290766212,-1
2025-03-20,Kolkata,8.747805356024365,76.06173117960597,17.118286363098285,32.24277598498414,-1
2025-03-20,Lucknow,9.105971408337568,64.366819463637,11.024049352714652,33.047752023451906,-1
2025-03-21,Chennai,31.370988535935197,44.94271729040712,32.463287953643004,45.44613050826523,-1
2025-03-21,Chennai,20.49352974038812,43.66115662599103,20.729322861846047,50.68377006393959,-1
2025-03-21,Kolkata,46.534340806879264,76.50992183452418,40.11033694351465,25.9650881900414,-1
2025-03-21,Mumbai,29.55035527762774,24.989362061072608,15.324163128086813,10.498790529538866,-1
2025-03-22,Ahmedabad,4.136733792166929,46.06660403228618,19.036337975366173,15.448345034167245,-1
2025-03-22,Ahmedabad,59.888769033454494,27.976642744599765,26.280005440177668,36.11488315109618,-1
2025-03-22,Ahmedabad,34.55512171669613,28.978548443096805,15.46310040718658,11.956662004855756,-1
2025-03-22,Bangalore,14.858708081548627,52.55609249053005,29.07717999039457,15.228888582131033,-1
2025-03-22,Bangalore,38.3961738769901,19.93457984449759,19.29282293979436,11.415329625662563,-1
2025-03-22,Chennai,14.666575290195244,22.5336098864995,21.47647043610383,20.1811671472712,-1
2025-03-22,Chennai,39.3076134600969,70.601435548744,30.129150453072064,46.99040219275214,-1
2025-03-22,Delhi,57.79056416065832,51.86346393068548,15.560986759905422,13.74797173301776,-1
2025-03-22,Hyderabad,70.13070281720871,69.05146156978707,19.96844139883009,31.669738745448218,-1
2025-03-22,Jaipur,47.81600169570012,60.25396443654357,31.62151653287747,15.149455439907594,-1
2025-03-22,Jaipur,27.902755610792667,70.94567716724288,32.50524409497787,36.46779462895384,-1
2025-03-22,Jaipur,49.13094862358786,82.43788615064082,26.37512671337105,24.105197012488595,-1
2025-03-22,Kolkata,58.71721340445943,36.30612545966804,28.47716029571878,28.312220359061783,-1
2025-03-22,Kolkata,47.68569662905586,91.28609516812308,8.42934909881222,36.98909577158844,-1
2025-03-23,Ahmedabad,18.515037897522426,60.457101734433856,19.823061078177737,13.245814416966226,-1
2025-03-23,Mumbai,20.74379090085504,83.82956274874707,19.54617332133441,17.26114483766419,-1
2025-03-24,Chennai,16.829337420133847,82.92786551803565,22.05533919649795,27.927106323446772,-1
2025-03-24,Delhi,13.501097919636308,24.21739899175544,24.712818018250616,20.571674175220902,-1
2025-03-24,Delhi,42.84486256053854,85.29310786244791,13.001551877180283,41.76479923143928,-1
2025-03-24,Delhi,13.667620231377036,29.142184037135607,22.961740410288613,17.93714831021814,-1
2025-03-24,Delhi,22.477457588068752,20.980830791796787,18.22470101074607,45.1998829932481,-1
2025-03-24,Kolkata,14.011393045898522,61.65060552238005,14.86579270063661,40.584861993268085,-1
2025-03-24,Lucknow,45.27985690415169,40.10061762011972,34.61728227055051,29.01146245476491,-1
2025-03-24,Mumbai,59.64731251267288,51.59273081631234,21.19109411609605,10.31605024902412,-1
2025-03-24,Mumbai,11.786827528616584,37.661463220322986,14.401378644674388,37.05296584474033,-1
2025-03-24,Pune,62.28219721079749,74.46368498579793,15.328655989401836,15.258362787552125,-1
2025-03-25,Bangalore,34.4563271431492,70.98742971967675,7.581641936791035,15.75270979378999,-1
2025-03-25,Hyderabad,22.74086310819902,49.88982050468448,33.37287842662281,26.52535484057738,-1
2025-03-25,Jaipur,38.805106450226205,53.868500993712246,12.050238017451058,50.298650333115006,-1
2025-03-25,Kolkata,34.17807975433526,30.18027983947207,8.686397306524128,46.96786599432669,-1
2025-03-25,Mumbai,39.58395566521264,51.78344253478158,10.824315496782022,11.621040543543362,-1
2025-03-25,Pune,19.21880222492354,82.31189919369893,12.141729435979638,33.412839113424766,-1
2025-03-26,Chennai,6.49901300345369,60.81094440020821,15.235592075346828,29.140667884336523,-1
2025-03-26,Delhi,36.891191969427865,31.30255628767441,33.36961056043084,41.547986094850216,-1
2025-03-26,Jaipur,50.87332690374159,54.54080211853336,32.17798411854614,27.801735256972155,-1
2025-03-26,Jaipur,14.572307198226625,52.10860240044917,11.492197595917824,29.44801623562469,-1
2025-03-26,Lucknow,40.985235504080734,25.176751434952727,9.661890013608083,32.225711107086326,-1
2025-03-26,Mumbai,51.90757543593331,68.80004323799287,15.298778307780248,12.63583879658902,-1
2025-03-26,Pune,54.32887793007657,32.215797341794726,28.695636175597613,24.731684191451205,-1
2025-03-27,Ahmedabad,7.577703768947543,63.7291064585501,18.813946845176183,38.46419274595579,-1
2025-03-27,Bangalore,46.45734421283649,81.23365003444496,13.147464111322282,19.874883625643463,-1
2025-03-27,Chennai,12.77908795001877,51.9073991571411,11.382466720831871,30.354472015489897,-1
2025-03-27,Delhi,51.86031480907506,85.28684342940889,23.44390362045806,24.62799733034448,-1
2025-03-27,Kolkata,40.84430293787412,80.42004870312414,18.868945913064696,13.20641063672628,-1
2025-03-27,Lucknow,35.26268680476312,68.43885539381311,23.70473871929513,10.111910540008129,-1
2025-03-27,Lucknow,14.382598187697129,68.53513780526353,16.22001617402924,21.54186129846964,-1
2025-03-28,Bangalore,8.398733840211161,29.15214295415855,15.73900588453044,34.96333753829786,-1
2025-03-28,Chennai,20.051210370248373,12.757986740867707,21.197589453277587,28.55748252383748,-1
2025-03-28,Chennai,21.615742406360376,34.33025766230452,12.295665327208074,16.511842133194058,-1
2025-03-28,Delhi,60.33932245562829,38.618440961109606,14.3094103959437,25.40328084853876,-1
2025-03-28,Delhi,26.43580163497481,68.3272326815405,29.21789210467593,40.606029149447565,-1
2025-03-28,Jaipur,55.60009250435286,63.84039450597188,28.43175114101681,37.8348531507177,-1
2025-03-28,Kolkata,48.67640584897008,6.571057258064343,19.203077567223687,34.88385139565627,-1
2025-03-28,Pune,35.339182897077734,17.88458136184468,28.799232150499776,27.46088241489913,-1
2025-03-29,Ahmedabad,51.28586728036347,84.40026561416943,5.031651552348118,33.06536290913258,-1
2025-03-29,Chennai,37.68948714110012,61.44477554770299,28.633592221367863,55.69677297934544,-1
2025-03-29,Chennai,12.07641686310772,24.523812010784813,19.22910256828428,33.61566143339055,-1
2025-03-29,Delhi,12.026662467971756,59.87085285030972,23.81865950138743,42.51497747046801,-1
2025-03-29,Hyderabad,45.1356089866898,49.29547585230482,29.494907910241945,13.705985718708655,-1
2025-03-29,Jaipur,20.147794037210662,40.18272448892549,13.283181454609714,13.500677375678316,-1
2025-03-29,Jaipur,33.3595523657561,72.32700821820808,15.64235194696939,6.532343027100772,-1
2025-03-29,Kolkata,52.56240742391543,69.40468837513548,13.478915357737232,16.36419301139876,-1
2025-03-29,Lucknow,29.462581793932078,95.59783175642836,18.470639112867104,27.29310650928706,-1
2025-03-29,Mumbai,47.84984906700071,65.14977833443547,32.56112977929929,14.027188495486325,-1
2025-03-30,Bangalore,21.033647863137645,43.054968757940784,30.28585847875909,32.90652497433957,-1
2025-03-30,Delhi,61.73289281084098,29.25631583806246,24.257657205365945,34.06476460182899,-1
2025-03-30,Hyderabad,50.51586587389702,25.06068627695476,27.187809556422927,26.953785614234484,-1
2025-03-30,Jaipur,16.411374063522295,48.01149855347305,29.704603943741496,10.094202259803597,-1
2025-03-30,Lucknow,14.783875562448465,78.20620415902184,14.65693896984952,23.01083892675284,-1
2025-03-30,Mumbai,16.013691199717776,59.45177755454114,33.24970938657361,31.27706180233248,-1
2025-03-30,Pune,29.04714834320403,50.12115293801862,31.58351673103297,41.10574388836242,-1
2025-03-31,Bangalore,45.18032881123433,81.58493183747383,26.63310488864334,47.23882159327661,-1
2025-03-31,Bangalore,29.163823115719666,27.553798646190437,23.035096876806204,8.63834579375363,-1
2025-03-31,Bangalore,16.51276974305567,40.85051833525064,31.111346299791045,22.64470019706773,-1
2025-03-31,Chennai,40.95804899004432,73.77646573659283,31.1790848101856,27.63036864033482,-1
2025-03-31,Jaipur,22.84976942241756,46.90502292104372,31.829261331351937,25.483004191042475,-1
2025-03-31,Kolkata,39.82028050342342,76.5908481965614,30.572006057460506,32.697502323573026,-1
2025-04-01,Chennai,16.19609998081171,33.03531032909911,24.96291036924309,43.307874485478365,-1
2025-04-01,Delhi,20.7185507250554,78.21719469309923,17.886951755497975,17.164667603286908,-1
2025-04-01,Delhi,25.763960151424104,62.72936654901327,5.948586896986747,30.098137410384577,-1
2025-04-01,Lucknow,48.84553749426605,54.972653322112144,34.99356393491871,28.234329621197357,-1
2025-04-01,Lucknow,54.5322656855063,77.91437571713887,26.39788401566321,33.20050731532675,-1
2025-04-01,Lucknow,8.126329638339818,32.952024063027345,23.545885272675243,40.150923103858574,-1
2025-04-01,Lucknow,17.76135038235482,23.946670682867733,16.933796180160382,10.206021888078537,-1
2025-04-01,Pune,56.57623948129031,22.9678800160705,26.15335616444598,17.64530905729326,-1
2025-04-02,Ahmedabad,17.69465646348909,79.18270059567652,18.206525690800746,48.681746136543765,-1
2025-04-02,Bangalore,66.3689732887606,61.88506348076608,20.577030423726697,36.879074134116,-1
2025-04-02,Hyderabad,58.80044772230691,48.07181341153708,11.225732774769384,32.75398291957763,-1
2025-04-02,Kolkata,51.77356079545464,7.483068672546999,15.860589762335488,26.27026009133985,-1
2025-04-02,Kolkata,49.05767273939493,47.25272959528451,30.897412688016157,45.16370928097416,-1
2025-04-02,Pune,46.13767985190067,20.4160601649105,6.715644359529849,23.091187826639707,-1
2025-04-03,Ahmedabad,45.71103607657928,30.56818232482599,27.884318440527483,16.157003056694684,-1
2025-04-03,Bangalore,13.110261636269964,73.50394099092179,18.13113657885256,45.44955419485558,-1
2025-04-03,Bangalore,39.47874255419646,68.1673623390665,24.221591100605565,51.22393782800913,-1
2025-04-03,Bangalore,50.05618780474549,33.01983776123173,21.651573781699387,47.668098633651006,-1
2025-04-03,Chennai,41.47137856756627,52.93014574203349,28.46855259297165,47.50994014109578,-1
2025-04-03,Hyderabad,20.01063001396866,38.30053937481773,29.63398050012177,41.205329453634576,-1
2025-04-03,Mumbai,25.55790560495247,19.33015145931624,24.868108388281023,19.9455495096957,-1
2025-04-03,Mumbai,17.751446401309355,77.35267334687558,22.09793766789252,19.59307844988116,-1
2025-04-04,Ahmedabad,55.47134575490307,46.72544285867356,10.25611585770602,22.97042876416621,-1
2025-04-04,Bangalore,32.660195777304295,39.74921952375922,30.704952089173176,46.84079252950932,-1
2025-04-04,Chennai,56.87055434223876,40.03815098286017,11.76405493128751,25.281941686316728,-1
2025-04-04,Delhi,35.0362266072039,26.0110605951648,30.06812903334809,33.44481571489342,-1
2025-04-04,Hyderabad,-0.8549933970479344,54.355186081444494,18.09312701773866,32.066432201456834,-1
2025-04-04,Kolkata,48.13517359970792,51.62431128937091,9.649900599544614,48.56067629471109,-1
2025-04-04,Lucknow,18.8630716763532,51.84374504538062,26.49459199672775,47.1919658905003,-1
2025-04-04,Lucknow,15.802187731615833,27.70812069741103,8.49131575132111,33.37908542362379,-1
2025-04-04,Pune,25.79077256223089,63.05392886146708,8.823301891472681,20.00891056885225,-1
2025-04-05,Chennai,12.098279543260624,84.16379299114891,19.90757744836373,29.020849154861757,-1
2025-04-05,Chennai,24.69050013067309,60.33493672239046,7.899893446486443,37.7391830669554,-1
2025-04-05,Jaipur,18.66621596112941,69.6982294316895,23.206834470239105,47.67638187731213,-1
2025-04-05,Jaipur,23.76216937289744,48.83835618624716,33.046054033537004,38.36268459753555,-1
2025-04-05,Jaipur,25.60992512583684,63.2301759790946,28.627689685527915,13.575251118932016,-1
2025-04-05,Lucknow,53.81595743508417,61.5638012858186,25.346189589718385,10.010478987563332,-1
2025-04-05,Lucknow,23.22019784716783,30.44427023100264,8.04391219218318,28.52265831138156,-1
2025-04-05,Mumbai,56.239864344591794,67.64714846760313,26.693418110443154,20.429694374702137,-1
2025-04-05,Mumbai,48.74986871811151,59.67622537068503,31.901165155777544,27.62020199540631,-1
2025-04-05,Mumbai,56.23450312243307,44.61718426799918,18.472571465870768,15.04767377753578,-1
2025-04-06,Ahmedabad,40.97688536599447,22.04000631639757,11.045853708377592,36.56984737948059,-1
2025-04-06,Chennai,41.279721105942464,44.6986881106849,0.8759078056899803,40.40232817313077,-1
2025-04-06,Chennai,14.499350045917666,34.22760470068096,27.664386641657146,41.5853389875164,-1
2025-04-06,Hyderabad,14.01349137585854,53.0380306284352,29.46951149781215,35.22166201700381,-1
2025-04-06,Kolkata,17.848525622471833,23.850635304113496,27.84471255072189,36.88829457060804,-1
2025-04-06,Kolkata,38.90378909314401,25.489956338294515,34.85460117882691,38.65455947494269,-1
2025-04-07,Delhi,27.45944688900492,88.36324729742694,10.76005444389452,9.606633593602702,-1
2025-04-07,Jaipur,51.22888126646297,57.84156074327673,28.39867410440736,44.30366870483663,-1
2025-04-07,Jaipur,46.44996919063835,73.66711696178493,21.78929827807889,46.63202791489079,-1
2025-04-08,Hyderabad,25.916745266891347,80.8732723203696,20.026821481541287,15.727993029491142,-1
2025-04-08,Jaipur,40.21597024750336,20.76406184792377,11.065827893974808,34.40140480805349,-1
2025-04-08,Jaipur,41.75779873445186,35.89252131779775,5.907176214780556,23.29289639210276,-1
2025-04-08,Kolkata,32.863077127821484,80.8343904646769,16.549456029219684,46.72842730312055,-1
2025-04-09,Ahmedabad,9.755366444961687,53.56611811840103,17.561475387745283,46.22465904842965,-1
2025-04-09,Chennai,9.929432532071113,45.3836195009944,12.256989176958548,27.593963075798296,-1
2025-04-09,Delhi,24.78956958873881,81.27318811329974,21.833536642096387,43.49365896418176,-1
2025-04-09,Kolkata,52.242643755393104,68.10343152136667,12.526659936103954,12.335050066151926,-1
2025-04-09,Kolkata,67.00746777601333,59.53536407674914,17.060367535772485,24.071626801957507,-1
2025-04-09,Mumbai,58.93415648046397,33.81556719993126,14.501155097804324,32.93365752722615,-1
2025-04-09,Pune,36.96722842546863,31.85793572583357,6.10601467040318,31.212315112289776,-1
2025-04-10,Ahmedabad,49.36764407570276,24.905109966336497,25.696726531289524,40.58196595624685,-1
2025-04-10,Delhi,35.19015112529916,76.85740958121494,23.303063428442627,46.64870594242983,-1
2025-04-10,Hyderabad,34.53694344283738,73.50058683180666,28.667393206642977,19.99726668161049,-1
2025-04-10,Lucknow,66.3752551639628,54.7593358327936,26.10499622444795,21.721441504706497,-1
2025-04-10,Lucknow,44.88735489787178,93.69963945267556,14.7587610717396,22.95026734684179,-1
2025-04-11,Jaipur,30.88478290676819,88.91918611876136,25.8151043730707,52.77861573390719,-1
2025-04-11,Jaipur,33.734813709213824,33.43942487998933,32.17111158245382,36.65427281616912,-1
2025-04-11,Lucknow,18.91638055266496,67.83243420826696,7.073572838900098,28.23829420063177,-1
2025-04-11,Mumbai,46.382977300903214,41.52255579649834,5.139955294053717,39.21438700828836,-1
2025-04-11,Pune,51.50403970317355,45.73061631129577,26.46836875037572,11.11261899818806,-1
2025-04-12,Chennai,37.30332516809717,29.33483991667879,6.373807207096693,22.43727758272935,-1
2025-04-12,Delhi,27.47758404004317,64.64390889871437,22.42052958997609,10.017188299921395,-1
2025-04-12,Delhi,26.210859693848565,78.62994883044765,23.249947692299187,14.92104704542438,-1
2025-04-12,Hyderabad,48.40857481197697,86.71499008990853,16.734270109786912,33.87292575851269,-1
2025-04-12,Jaipur,26.28336036429172,64.52951163480928,10.752550457601409,12.306514345602585,-1
2025-04-12,Kolkata,39.50391635036285,24.994059445054145,8.082602993468754,22.936144848474058,-1
2025-04-12,Kolkata,23.511876005228324,13.811018837158834,19.35180620965353,33.65916927110555,-1
2025-04-12,Lucknow,49.42792294257096,40.30137874409213,8.705278849330465,21.413559743380628,-1
2025-04-12,Pune,17.968542765493925,40.87503759100324,14.717867699028524,44.082521819331774,-1
2025-04-13,Bangalore,22.76396014173621,48.23470363566069,7.84094333813767,29.06461641357904,-1
2025-04-13,Bangalore,63.485858320837,53.56398630108177,13.730799240609546,32.27156993315323,-1
2025-04-13,Chennai,26.56387414506081,88.10267429988131,23.856156230497557,20.67966832542484,-1
2025-04-13,Hyderabad,2.07795637676432,57.72880921262792,20.947824228481156,29.033678684997493,-1
2025-04-13,Kolkata,48.56016506123739,58.43704925987485,30.26989336749741,51.87919987230922,-1
2025-04-13,Mumbai,19.53373896145829,68.33746267290907,8.732226508176035,38.28809676159701,-1
2025-04-14,Ahmedabad,57.82109126722505,45.1447056875756,28.223817656939104,12.411924886495497,-1
2025-04-14,Bangalore,40.1532264149974,43.434891589057145,30.129601209503004,46.70503916788593,-1
2025-04-14,Delhi,59.3207817902582,63.84847573954113,13.65669290378763,42.641367446139405,-1
2025-04-14,Hyderabad,22.83260561457805,28.47746338167095,24.6803175140664,14.299976061880148,-1
2025-04-14,Kolkata,65.04513371051448,55.45904484029028,13.198250864981658,39.24644467577885,-1
2025-04-14,Kolkata,18.99641477377708,33.65674121741725,27.45580624240752,39.465342603798135,-1
2025-04-14,Kolkata,21.570455696288807,58.63669791637669,26.83517679892673,49.49208522709117,-1
2025-04-14,Mumbai,14.971094557671666,69.96746503069893,31.898947750899136,28.23640072734397,-1
2025-04-14,Mumbai,51.30537524639607,14.290349357724423,16.6754990262541,17.568371306845435,-1
2025-04-15,Delhi,27.49927253107503,42.41569652050736,14.681090930988251,48.72001572363571,-1
2025-04-15,Delhi,40.58778888961982,19.194896677955487,10.55039763219862,26.8045231426866,-1
2025-04-15,Pune,54.857114205391845,30.280127992883276,27.268171572555996,16.25447835756725,-1
2025-04-16,Ahmedabad,42.11290097050743,92.5259325181467,15.902025835339046,15.867562899745089,-1
2025-04-16,Bangalore,29.244588061939524,36.785585459108376,29.18131770902125,7.08534853461655,-1
2025-04-16,Chennai,22.48684897138019,11.8207796553818,11.578620324138903,21.55058232633697,-1
2025-04-16,Hyderabad,53.12352392037289,90.39635820004084,13.516475392297238,32.72046347192778,-1
2025-04-16,Jaipur,55.00431022713984,33.257455281036044,16.101869571097993,18.186026574374523,-1
2025-04-16,Kolkata,54.383583790805616,26.356145165104824,14.898439906034112,44.90422375602679,-1
2025-04-16,Pune,32.83876028946433,68.83539355479272,16.455439943030612,2.7475706948882923,-1
2025-04-17,Bangalore,59.362154641546354,67.81742718830873,15.571510845498356,18.40982034176085,-1
2025-04-17,Hyderabad,20.348542778501987,93.59053217107844,18.37238618900992,28.297226683324592,-1
2025-04-17,Mumbai,57.243704540121385,32.615593592488366,12.240181026885958,31.738915485141472,-1
2025-04-17,Mumbai,38.866467960651455,22.22514493658692,31.016021103653,34.33277787693792,-1
2025-04-17,Pune,30.705084004055,64.18049918139798,13.89141493473941,9.511489903270974,-1
2025-04-18,Chennai,47.49556353162238,50.3233253670435,7.699894832839263,20.300274133535908,-1
2025-04-18,Chennai,12.733728583316603,54.594736478676616,27.04903204207126,24.538151250211488,-1
2025-04-18,Hyderabad,35.956282738080056,67.31108382249035,26.82120053539874,48.887504282571314,-1
2025-04-18,Hyderabad,34.08260417812762,90.08737515641118,11.95773208098932,22.930769087584657,-1
2025-04-18,Jaipur,47.75302807420908,55.05503450113453,8.995748416968915,15.566234469102609,-1
2025-04-18,Pune,10.553250635637266,61.46531309701082,18.10978828310845,46.17050113655707,-1
2025-04-19,Chennai,33.957258551188346,58.89364575088901,29.240805031558025,45.36216092116976,-1
2025-04-19,Chennai,40.96264429890461,62.548112881538,27.74702738274359,46.49070644174806,-1
2025-04-19,Delhi,25.844077000137432,87.7039724317111,24.34039814359178,41.450220828615166,-1
2025-04-19,Hyderabad,35.19603546074792,88.993825423286,20.584007622108345,21.50625493935334,-1
2025-04-19,Hyderabad,19.237444011700795,21.890393938640685,14.376727925988716,15.049629194755129,-1
2025-04-19,Kolkata,32.56602251287926,11.088508144028252,26.109390019536825,14.763983213255246,-1
2025-04-19,Lucknow,49.338807800454745,56.78837344119624,19.514483569268805,9.544898640048206,-1
2025-04-20,Ahmedabad,19.006648130618107,54.723443498150985,31.153093147939423,24.342666146936278,-1
2025-04-20,Ahmedabad,38.72170020088093,22.30097248939452,27.611941251135104,35.51624462367528,-1
2025-04-20,Chennai,52.291579778094615,41.80893205335835,30.104171286205013,50.19262112309711,-1
2025-04-20,Delhi,44.669642185623935,45.20113654429454,29.341314217127085,42.88267990358653,-1
2025-04-20,Delhi,47.276784019824575,76.19106457675548,17.586529212670623,16.705675527986244,-1
2025-04-20,Kolkata,21.06906470975952,41.09913090503646,16.22057976127086,49.81123548943225,-1
2025-04-20,Pune,40.79493578197998,80.72902823742164,20.327049503155443,12.296795079948726,-1
2025-04-21,Bangalore,31.34957523578497,60.44348552962941,12.759002502034871,7.375125570364084,-1
2025-04-21,Chennai,47.90760800785564,36.83489841840896,10.252512005712047,18.389160936274813,-1
2025-04-21,Delhi,58.27919063127391,-1.920347097571259,19.69042986465934,18.18184480423287,-1
2025-04-21,Hyderabad,15.2207260727171,51.65551571368665,15.44919603419897,12.900868230797547,-1
2025-04-21,Hyderabad,49.19950016738412,14.58214887154834,10.958069865932304,26.414202444025776,-1
2025-04-21,Mumbai,56.95523496470527,46.72037705788157,20.3647831724482,13.589040533625704,-1
2025-04-22,Chennai,15.21234250118497,67.20783695353255,18.95598268400672,44.79083870673027,-1
2025-04-22,Jaipur,56.07271601278053,38.07102079086359,25.65974319039912,42.99513908048216,-1
2025-04-22,Kolkata,50.28856010356753,11.927701042692505,20.151761461707785,38.41502387955282,-1
2025-04-22,Lucknow,33.773996668945486,28.81273067891307,22.449476652307236,49.350472849065,-1
2025-04-22,Pune,26.4235705745961,61.51116812292282,31.33385331783378,50.9026770813965,-1
2025-04-23,Ahmedabad,33.12945367824958,54.94839200333031,12.196528546239826,56.28965167318248,-1
2025-04-23,Ahmedabad,33.37373081617441,20.5587925675573,10.936203509883558,15.62918892308274,-1
2025-04-23,Delhi,32.48811190256795,88.25399327891532,14.54867211415768,33.31595369632793,-1
2025-04-23,Hyderabad,46.16241216534006,42.9337680870316,8.267662885927345,14.46504048572482,-1
2025-04-23,Jaipur,59.43324386408808,79.0096219424433,23.644816436467405,20.37562793046878,-1
2025-04-23,Kolkata,19.3113067770756,41.3693252367662,9.986576955814945,20.61378995846951,-1
2025-04-24,Ahmedabad,28.298679386613287,22.300257901647864,22.388539472215868,10.022483901845783,-1
2025-04-24,Chennai,45.122307703886285,76.67792939893937,11.700145754130263,15.274529369248144,-1
2025-04-24,Chennai,62.83070677255804,52.68945748196822,20.708400526861663,41.74939254830353,-1
2025-04-24,Chennai,40.06135853036619,21.550845607859333,16.073029163555184,13.427970733435362,-1
2025-04-24,Jaipur,14.012108925763355,64.68945402671534,28.564787671329142,30.688011955666656,-1
2025-04-24,Mumbai,11.888577865954945,50.441174651012176,25.171930578428675,19.682429705057075,-1
2025-04-25,Bangalore,9.184558211045507,46.63808478215835,15.583401609832706,27.839183424621385,-1
2025-04-25,Delhi,50.25692525788054,76.47806791782692,15.741322618043402,43.40818159211716,-1
2025-04-25,Hyderabad,57.7438282422106,44.109202364233305,30.935524109409,27.378652147398338,-1
2025-04-25,Mumbai,28.04999047187506,25.974084877731645,12.146153949294366,44.55193993543808,-1
2025-04-26,Jaipur,39.84518934883877,24.608336856844613,28.07865268301611,17.45366271434329,-1
2025-04-26,Kolkata,20.695253548081112,45.343201621056906,35.776729662053626,35.61393151660265,-1
2025-04-26,Kolkata,24.06199440794837,73.68687196297186,29.297680442936485,19.09409437213576,-1
2025-04-27,Hyderabad,46.60772685202998,73.0645970612668,9.223125841787825,18.73595419996808,-1
2025-04-27,Hyderabad,48.32758272420163,52.453220852733935,29.501991594463316,15.7319914964882,-1
2025-04-27,Lucknow,24.908299690773745,14.556590197784203,16.24547320822522,14.562455503486794,-1
2025-04-27,Lucknow,39.43730851420193,53.39908978743952,34.40200378737086,34.11423269093739,-1
2025-04-27,Mumbai,28.554966597482984,39.73655187075014,10.526178944892663,45.83593980243146,-1
2025-04-27,Mumbai,12.44893739124798,79.85138728107238,17.04195329772164,25.224157391339727,-1
2025-04-28,Bangalore,54.6773708955375,60.08319807078332,30.80737046898541,24.59762977903748,-1
2025-04-28,Chennai,45.22336675751755,32.190067252423205,14.803423403124423,49.52277129737679,-1
2025-04-28,Chennai,20.70921389368399,71.73043087684617,13.234895225414776,16.07985717605774,-1
2025-04-28,Hyderabad,39.28286984263528,77.03198913327248,35.1193242919812,23.49283089887511,-1
2025-04-28,Jaipur,45.497534520758,22.15766594656891,31.810322960923568,37.75847015067295,-1
2025-04-28,Pune,34.47280428318086,74.75523212634302,12.543200691636878,44.68960030758001,-1
2025-04-29,Ahmedabad,48.74728576264492,65.93196775025038,10.24804934931449,9.14582213767518,-1
2025-04-29,Bangalore,35.05155538169367,-2.937256057586211,13.410783144374472,21.131249473393115,-1
2025-04-29,Jaipur,25.18106481129128,73.18722047658761,13.451223880352428,46.65252120833698,-1
2025-04-29,Mumbai,46.74169565545797,24.558042576429024,9.738265114248412,34.63551685403819,-1
2025-04-29,Pune,27.7348600760115,38.34853113051967,7.923228374120626,19.27278477406785,-1
2025-04-30,Bangalore,60.94470256118901,63.63761321509759,17.47306503668166,13.521402751732456,-1
2025-04-30,Chennai,44.30682242857168,73.6368244999229,27.827558912325998,48.02376502413392,-1
2025-04-30,Delhi,8.319497395509035,65.41246157993741,16.098531638997205,40.18559358663239,-1
2025-04-30,Delhi,49.08215988062777,84.82522837101901,14.782295145169712,38.2071898532102,-1
2025-04-30,Jaipur,18.916493191195297,32.19516828344027,13.76826295554762,51.23032023028844,-1
2025-04-30,Jaipur,26.61919795529492,76.83295097506294,27.85532306554211,14.28629743672474,-1
2025-04-30,Pune,53.44120239137837,66.9115816948718,10.26223514831203,27.802776250799056,-1
2025-05-01,Chennai,36.36717557121032,50.64273123321742,27.339918942584674,50.09063023471808,-1
2025-05-01,Hyderabad,39.5779464457227,75.41885618950897,32.751502397886426,26.694864309847315,-1
2025-05-01,Hyderabad,30.13942972673476,68.4421931225331,33.47360381160104,25.80859538608624,-1
2025-05-02,Chennai,55.12014228369643,79.86180057804685,21.977521904122383,49.609124443789554,-1
2025-05-02,Hyderabad,21.13913123226667,28.55646370582834,23.99354493042689,6.673451381184982,-1
2025-05-02,Hyderabad,28.439656406489487,63.49785026565128,19.150267109176717,0.4560157308393755,-1
2025-05-02,Lucknow,19.857296745487183,20.1661869361627,8.079790430522923,39.763177288570745,-1
2025-05-02,Pune,20.28340528102902,36.07581827159768,10.151682183391678,16.596819378875267,-1
2025-05-03,Ahmedabad,27.80512317667017,44.32379749621035,14.17188413699584,10.88496240262376,-1
2025-05-03,Ahmedabad,20.482357254682107,20.60285259165553,15.033246102649152,38.48472326080217,-1
2025-05-03,Bangalore,-1.418049813835104,32.77179773516068,22.76173973081693,27.970625483410743,-1
2025-05-03,Bangalore,38.70761175683277,36.12389234856214,14.032579911151297,52.27074186022165,-1
2025-05-03,Delhi,15.78475113456085,24.35988027330303,23.621791841591524,36.11804243952449,-1
2025-05-03,Hyderabad,35.16202934392012,-0.0099315940974378,28.04589088865765,30.710243645994744,-1
2025-05-03,Kolkata,52.57420162903124,24.85860069803313,23.11137269779465,17.02054487202017,-1
2025-05-03,Pune,59.19288404692495,53.70697785136953,22.05656961071324,41.68857256735496,-1
2025-05-04,Ahmedabad,25.92549555517482,54.62675579803028,30.152804380874542,43.14550964591634,-1
2025-05-04,Bangalore,54.81465730738819,51.654791280247885,13.040187043773525,19.65961188769426,-1
2025-05-04,Delhi,11.14466520452696,73.75873834481544,23.522343830127216,22.98428986379682,-1
2025-05-04,Hyderabad,65.8076797550822,34.07076742682666,23.39362546096521,31.414154119956898,-1
2025-05-04,Jaipur,19.008420892486864,42.890333085491456,31.645113183425835,14.921350607518423,-1
2025-05-04,Lucknow,37.56677183670652,53.82670517719072,33.53144548133376,40.40492891582931,-1
2025-05-04,Lucknow,25.30395689888512,72.2489798246306,16.092097685863475,15.280786686236786,-1
2025-05-05,Ahmedabad,22.53865158139378,35.16909669182739,28.977781644638668,43.08438957225327,-1
2025-05-05,Chennai,55.75904880329726,46.46196460997433,24.395640658768507,43.283550804439,-1
2025-05-05,Hyderabad,45.01744579278704,73.22457355963883,20.510590050978152,6.82493060636579,-1
2025-05-05,Jaipur,38.98732163089587,62.26433036391609,26.07732340447088,49.05181492893327,-1
2025-05-05,Pune,45.41860867779599,65.51316793456138,29.57762408388529,19.3134128989121,-1
2025-05-06,Hyderabad,44.56914820687258,78.15181386692939,25.393620330334933,50.79362454725763,-1
2025-05-06,Jaipur,9.535068684586054,59.472332205422006,27.50187194980351,44.892961508556986,-1
2025-05-06,Jaipur,26.830365029730824,85.42389888709567,26.313078838092025,22.410716127280068,-1
2025-05-06,Pune,28.5540892643491,73.16564983808479,37.38591020612712,26.224830487486077,-1
2025-05-06,Pune,35.62417696359028,74.8651708673833,17.629761621312998,11.391563756902103,-1
2025-05-07,Hyderabad,12.994275152951108,31.397008573144248,26.156026638354483,21.341491991426395,-1
2025-05-07,Mumbai,38.48236693221416,45.25501500583005,32.28752039945182,8.34333601956681,-1
2025-05-08,Bangalore,1.558994685264075,28.93436153564179,19.650100689955927,19.834898900093044,-1
2025-05-08,Bangalore,34.721185266619386,90.6019121061716,20.57019749206361,44.63847983501671,-1
2025-05-08,Chennai,41.61381335985068,17.981671854986693,10.539341426900656,35.094639196669185,-1
2025-05-08,Chennai,13.57420341856507,56.50952943254413,26.49897055163332,16.953778006205326,-1
2025-05-08,Delhi,24.334145756149294,5.249318636637611,19.09860311187212,42.26780662810941,-1
2025-05-08,Hyderabad,45.16360205359976,15.408920866105206,7.041994291116364,29.75126159987664,-1
2025-05-08,Jaipur,46.83699970226617,34.76266560446119,10.23268820138814,41.32235533601808,-1
2025-05-08,Jaipur,49.62265782381946,66.30006337377797,29.304295936628304,4.7176795050692455,-1
2025-05-08,Mumbai,23.989834474966308,13.50807274699494,21.93337584532952,23.363937781400978,-1
2025-05-08,Pune,11.886707156127695,65.00137599490957,20.825653474955377,14.8040793990561,-1
2025-05-08,Pune,55.2846610042392,63.06291826386453,14.551794415280508,39.9456452390769,-1
2025-05-09,Chennai,20.06610841298953,50.153461634660914,26.618450163663653,9.249766538884746,-1
2025-05-09,Hyderabad,8.546594139249812,49.51997326477491,25.825350272499826,26.45769232891956,-1
2025-05-09,Hyderabad,51.63750561462279,37.24813150132471,13.73390437851846,46.93380456484038,-1
2025-05-09,Kolkata,36.34642596481287,19.107401688179763,28.97934863022904,17.628397682321868,-1
2025-05-09,Lucknow,27.666491455831054,60.209384602552895,16.639309657499695,8.667084274669556,-1
2025-05-09,Mumbai,27.89643153811781,80.56314447631517,12.999296615905967,45.225205967763046,-1
2025-05-09,Pune,24.313471285830865,66.85705202882943,28.679183984593664,46.51908772698589,-1
2025-05-10,Bangalore,23.96047218692368,73.35025833225744,32.63919446139099,21.704307153572007,-1
2025-05-10,Delhi,53.91541612560245,60.73927387441465,30.268029174541518,18.609442799853444,-1
2025-05-10,Hyderabad,44.903511384878215,46.87433617887223,34.54744984290301,25.55628820129829,-1
2025-05-10,Jaipur,27.156932690435863,63.15330304942814,22.03195133246421,10.255251022826972,-1
2025-05-10,Jaipur,32.42883246113996,82.56146814457875,10.268460115605937,26.3641164004843,-1
2025-05-10,Jaipur,17.529387436134645,84.62313016004718,16.59777784154494,37.66005015497348,-1
2025-05-11,Delhi,36.61001210077644,33.29295101149428,28.80159923537881,45.56448319764038,-1
2025-05-11,Jaipur,46.68556577236331,87.9920335455468,12.894540608048649,30.13598307178819,-1
2025-05-11,Lucknow,21.10260062040492,83.55599725226341,13.934340212388909,47.30717434025052,-1
2025-05-12,Ahmedabad,9.831710954490667,35.44472681240171,21.598587152460908,44.502176439833406,-1
2025-05-12,Bangalore,36.08255498128703,75.11114806715419,24.186609434151613,11.058374406224566,-1
2025-05-12,Delhi,34.150368881905415,94.73636291805936,19.42552351815385,28.099571857447646,-1
2025-05-12,Jaipur,33.830813891980334,96.99783357322048,21.49297722592231,26.509645284362275,-1
2025-05-12,Lucknow,46.24715066696408,42.02561587182449,29.59350148040256,40.8950582694432,-1
2025-05-12,Lucknow,32.95419356633475,36.94448648671973,26.493011701818624,9.336792292477424,-1
2025-05-13,Delhi,26.649571305334096,90.00698194512113,26.044312429606077,33.021617492802775,-1
2025-05-13,Delhi,52.52846908413488,50.156382774307325,26.283070202668966,47.902718536071376,-1
2025-05-13,Hyderabad,37.43175677135391,93.42974957193792,18.487429781627817,24.26657068158559,-1
2025-05-13,Mumbai,35.292047237225376,13.950987199069331,12.66881575974529,43.471163897026685,-1
2025-05-13,Pune,12.369339522011554,26.647593345332744,16.121312200084297,34.27822981542123,-1
2025-05-14,Bangalore,40.97238192902625,83.75416302591293,25.43314773441624,39.40783592897555,-1
2025-05-14,Bangalore,25.352505059592183,69.21056835402672,25.95679144888338,44.41237304548666,-1
2025-05-14,Delhi,55.33031399964492,41.67810968510401,20.58591245264757,10.209283898695766,-1
2025-05-14,Delhi,37.45353359289543,54.44244973006604,32.701641971932496,44.97342691598252,-1
2025-05-14,Delhi,24.67383185851769,66.52355026242823,30.9373747734847,30.29849000663164,-1
2025-05-14,Lucknow,38.14152815256856,64.68664322955254,27.23275377958023,8.492642883735574,-1
2025-05-14,Lucknow,55.551620782009365,73.19061801079869,10.044841955146616,25.231089970758,-1
2025-05-14,Lucknow,19.584122926124344,77.40545896982145,29.324628887259447,36.305965191950975,-1
2025-05-14,Lucknow,35.50709422197976,52.8171086609473,11.07558034437725,6.615479447193749,-1
2025-05-15,Chennai,38.71371518826116,70.00288470720992,14.207804900827398,52.558730012056536,-1
2025-05-15,Hyderabad,28.340252532794537,96.09498461667332,7.905617109985068,32.591026066021435,-1
2025-05-15,Jaipur,29.51513430286395,82.22960352421356,35.058848612602986,24.0352059107012,-1
2025-05-15,Mumbai,31.000725321095672,43.03917836598412,5.452979027388778,15.461357850532318,-1
2025-05-15,Pune,21.96287101332965,28.40025229715797,15.530118605798208,11.75050450417486,-1
2025-05-16,Ahmedabad,34.368608791819554,82.54527225605833,12.797821623186632,41.853611573985816,-1
2025-05-16,Bangalore,18.396694389838284,12.557450733702687,10.073547044262211,32.04663145990891,-1
2025-05-16,Mumbai,60.18047365011128,94.88892524998816,14.942897915822924,30.681272716645243,-1
2025-05-17,Chennai,28.54778873289397,2.377097764150747,21.52779220017171,25.769568749567643,-1
2025-05-17,Hyderabad,33.84912677400075,18.48330090371911,14.789154463428318,41.71687058848014,-1
2025-05-17,Hyderabad,56.47036372543489,23.3587209372785,16.76149325888948,34.11378986939238,-1
2025-05-17,Hyderabad,28.09930466970824,54.84829453991219,6.401483111355946,39.4903433674078,-1
2025-05-17,Jaipur,10.927971091470724,27.706115320579283,23.497653658043014,22.10878909311421,-1
2025-05-17,Lucknow,35.441653157986465,76.44476397539893,14.52999043069504,11.71980169899911,-1
2025-05-17,Mumbai,50.82613809791759,48.77320882332327,28.926943086525768,41.437683875286,-1
2025-05-18,Ahmedabad,39.22549213781237,91.6007695958438,15.377322362335818,33.47768622734371,-1
2025-05-18,Bangalore,28.39833861414281,68.29948777289344,15.491498329354789,12.575145233857503,-1
2025-05-18,Bangalore,21.97883845473021,29.3421778302842,29.276060960787667,26.611388421386906,-1
2025-05-18,Chennai,12.30534662761077,60.967594287583466,29.120916025495504,38.4373428818691,-1
2025-05-18,Hyderabad,38.91463309037083,95.16500299978108,20.9457162153441,38.38114124290167,-1
2025-05-18,Jaipur,26.24370336366697,26.993139233499768,31.22767014780929,37.84380493144268,-1
2025-05-18,Pune,31.318926394037653,95.1219020218477,17.919053988848997,27.728506021313688,-1
2025-05-19,Bangalore,25.07022543543636,60.85896768093342,31.54268744864124,30.10827327904877,-1
2025-05-19,Jaipur,0.2484377814390725,55.85054764968933,18.866878114284447,24.47700416659879,-1
2025-05-19,Kolkata,25.51908814344432,8.208266367159986,9.16251761641784,33.30196209751767,-1
2025-05-19,Pune,30.99761218219796,71.59564023443923,28.04729208107653,14.431375991752931,-1
2025-05-20,Delhi,9.43847855575516,54.75200737149248,17.655948170055158,41.32614917334457,-1
2025-05-20,Jaipur,27.742088431604763,33.3690773025854,6.312079274514224,31.35596634978905,-1
2025-05-20,Jaipur,39.07475885805349,30.44848223826068,11.501872290324396,9.96438107560652,-1
2025-05-20,Jaipur,26.02661009287919,17.11727467608008,16.121042678828534,49.50637282724662,-1
2025-05-20,Kolkata,26.022024916263607,25.65173880509597,30.014144344726837,22.926086966196436,-1
2025-05-20,Pune,38.70137660519449,77.77782748680573,27.2308686885632,42.595346134741945,-1
2025-05-21,Chennai,62.55591483075408,74.75889984180313,18.192199056754053,26.044067978148217,-1
2025-05-21,Kolkata,35.353389763478816,45.45457389017973,7.906371337611187,13.030820469013856,-1
2025-05-21,Kolkata,20.970112061952577,57.94177555651832,31.20152676745088,41.50910922600946,-1
2025-05-21,Pune,17.788841065230983,67.55557872930154,28.349707781533937,35.80725207595303,-1
2025-05-22,Ahmedabad,40.67621271529206,86.59678720029231,25.05116232439076,40.181346078934254,-1
2025-05-22,Jaipur,66.30024020626904,90.16059367123292,25.252370127697898,26.87067535294726,-1
2025-05-22,Jaipur,9.508543844939528,64.06343638296033,18.21646295260196,21.14975688133204,-1
2025-05-22,Lucknow,12.005360987176704,56.33813707639267,15.383671632357572,22.31266350982541,-1
2025-05-23,Chennai,57.5752598723474,34.61945014360977,28.698357956502505,30.81029722697893,-1
2025-05-23,Hyderabad,59.03337477720837,66.60758994431123,16.834197992606054,24.497310029705886,-1
2025-05-23,Jaipur,59.1939647075204,35.998515491612615,11.87443072094197,26.69133049115218,-1
2025-05-23,Lucknow,30.43408204960299,37.04466612719344,33.13782753865964,21.98241731484189,-1
2025-05-24,Bangalore,32.15236232146753,23.41951799080977,9.726491152926886,24.16364059699803,-1
2025-05-24,Delhi,42.44114284985504,67.35482705995645,12.771413194911412,47.85585338195335,-1
2025-05-24,Delhi,28.084946440424048,16.67048381409287,11.94383614068877,37.12245590810167,-1
2025-05-24,Delhi,40.53944961689463,73.94678399033103,26.1601580831052,6.877637436979466,-1
2025-05-24,Jaipur,40.52444573035344,45.34564729905905,28.846434916420307,44.6777475968558,-1
2025-05-24,Kolkata,52.84613035594841,40.250227307074496,7.908500127535163,27.012291161601848,-1
2025-05-24,Lucknow,18.634890896925608,32.49781526465957,22.923693570935956,11.7782238048929,-1
2025-05-24,Mumbai,59.21650347114243,74.16179222549464,22.32553878788719,22.017174637555,-1
2025-05-24,Mumbai,44.03681334361336,3.28355061687742,28.12611055510973,22.592527989883383,-1
2025-05-25,Kolkata,27.16881711326061,63.70335972680067,24.396518658286716,52.519343682564354,-1
2025-05-25,Lucknow,44.49058405880957,41.29007476615871,30.045999765194196,43.76089217135295,-1
2025-05-25,Lucknow,57.76360202427921,33.38922876111933,27.274154688003385,30.648604228314703,-1
2025-05-25,Mumbai,44.44049614258677,18.655027108829195,21.912069951103557,44.02280632117,-1
2025-05-26,Ahmedabad,28.93063679806194,51.60913201032727,33.999433280262465,43.75888350896712,-1
2025-05-26,Ahmedabad,25.12516796645413,33.648388878844386,13.904652599772126,4.62641866162917,-1
2025-05-26,Kolkata,33.747461389503066,62.66112628758713,32.681276323773595,15.950201719363426,-1
2025-05-26,Lucknow,71.0648751908935,42.26151581222328,15.502638895875116,32.60316815211628,-1
2025-05-26,Mumbai,16.308360290667995,57.40053093000578,6.448158411725501,32.2230029608981,-1
2025-05-26,Mumbai,31.694491655116863,74.71649247503227,30.304541865238946,24.46707095501379,-1
2025-05-26,Mumbai,35.1382051723609,6.12625159740589,24.371120884417863,10.69565636228844,-1
2025-05-27,Ahmedabad,19.740717864402097,62.1420006761461,17.995220379369293,54.21438922291636,-1
2025-05-27,Delhi,46.094484707695926,37.878159512512845,37.51913803119134,26.366317750803105,-1
2025-05-27,Hyderabad,36.88186962769016,23.69203632538423,10.173200074601882,40.88276231613736,-1
2025-05-27,Kolkata,54.336785580752,39.392435766604365,11.131391978286777,32.878147923132104,-1
2025-05-27,Pune,36.29757899876,62.11694523396387,31.454524844456124,40.09865876594273,-1
2025-05-27,Pune,19.097746135380987,41.57498636711114,6.601297032414841,25.586405508742168,-1
2025-05-28,Bangalore,55.43429052355743,59.49991646537189,14.143519206817484,42.012745511928905,-1
2025-05-28,Chennai,53.9482021999708,69.97924493978724,8.356693932466984,25.17014680555204,-1
2025-05-28,Delhi,33.85302993079803,19.750743457643683,12.38549791481984,45.96340531785102,-1
2025-05-28,Hyderabad,56.683865438117,41.70423758421772,17.12520991089885,18.646456844030467,-1
2025-05-28,Jaipur,36.27159100435129,73.90067353899545,18.92734368117763,12.373709699387256,-1
2025-05-28,Kolkata,49.94214790334429,32.66929366809161,25.35962763646672,47.32743152471389,-1
2025-05-28,Kolkata,21.657119846032863,8.178471794458268,15.321766055642035,29.768139408140023,-1
2025-05-28,Lucknow,12.19842615945829,67.48888011466454,9.809111034215118,23.78257402059262,-1
2025-05-28,Mumbai,49.20227331534025,93.44308057433965,27.085126626075727,38.12821070567672,-1
2025-05-29,Ahmedabad,66.81008380303076,35.649322510319344,27.0100848277024,36.38540287531304,-1
2025-05-29,Ahmedabad,39.61788476135703,73.95875083729204,8.595588414326407,13.933167659308696,-1
2025-05-29,Hyderabad,37.08096018689284,57.33824522694066,35.104225903195,43.97125716464429,-1
2025-05-29,Kolkata,15.0460770137394,91.54700804182278,23.72783711374086,18.809074072074665,-1
2025-05-29,Kolkata,46.05199396514664,31.70259327413965,32.974640425704095,30.119498513484366,-1
2025-05-29,Lucknow,6.282328558792393,34.47986122593424,18.9276055265126,42.40795503940667,-1
2025-05-30,Ahmedabad,34.59666113462775,27.430459538140266,10.872661429916295,14.263305508367845,-1
2025-05-30,Ahmedabad,59.66900565473766,74.14238668913455,23.23241757907742,27.65487941976973,-1
2025-05-30,Ahmedabad,18.59674762090828,47.50118437709976,29.84192527493288,33.52677880728399,-1
2025-05-30,Jaipur,64.47984196997012,77.33824122803642,16.714102492279174,24.58958906448653,-1
2025-05-30,Kolkata,36.68461029224196,90.52537233924376,27.20117046139989,26.19747375546898,-1
2025-05-30,Kolkata,41.64901008068356,31.132798166102123,19.49740586609868,54.90730669756314,-1
2025-05-30,Lucknow,41.78417493971139,74.07101015488612,29.566180642849112,13.393809061309966,-1
2025-05-31,Bangalore,58.65241544725234,56.80985341405228,10.391155839772471,32.24452976560567,-1
2025-05-31,Delhi,34.62549678517808,16.119354746742637,26.302003830301118,18.831474900080664,-1
2025-05-31,Hyderabad,50.12953435714017,63.518842219560455,10.906482840529304,51.550551505902256,-1
2025-05-31,Hyderabad,17.498404698439924,51.12137582440637,11.744168931651686,43.041197259169415,-1
2025-05-31,Kolkata,62.69320372910947,82.56660022208094,18.158231726077357,39.43680442697517,-1
2025-05-31,Kolkata,51.51276708558183,80.52487796936612,27.39408030971797,30.80586878606665,-1
2025-05-31,Kolkata,25.509048617551,6.780987470989643,21.82860834594645,26.5435626628036,-1
2025-06-01,Ahmedabad,19.023880719608897,84.21914131033448,12.697065251910349,34.72619912585262,-1
2025-06-01,Bangalore,67.01363644771371,53.15319264068541,16.48285795112908,15.70710885726263,-1
2025-06-01,Chennai,40.230696743647584,64.12640257347795,34.72733651795937,33.64104689963984,-1
2025-06-01,Delhi,37.60346953976084,42.70406728507792,9.02101252591292,45.41252376998091,-1
2025-06-01,Jaipur,36.07700747978152,36.180207327480346,11.28520434884428,45.80142156115198,-1
2025-06-01,Kolkata,21.82585723725428,31.416786212535825,31.090721641162524,36.84463037155093,-1
2025-06-01,Lucknow,38.31710682542466,66.83646669905174,23.48222910932548,9.867374051290549,-1
2025-06-01,Lucknow,59.82917123032901,40.734043924158144,23.72614466234836,19.006313593107617,-1
2025-06-01,Lucknow,26.808682192409044,63.003657534309326,20.75559245523841,51.530759008764335,-1
2025-06-02,Ahmedabad,27.30830601929887,11.724020412432878,24.862869506482603,15.450759513201728,-1
2025-06-02,Ahmedabad,49.94516255671015,15.626776384479449,15.38218335647391,26.7708504339545,-1
2025-06-02,Bangalore,17.682793643286306,12.154414382485363,19.113128097367603,32.227050110033645,-1
2025-06-02,Delhi,11.50620166463817,55.26682887750647,25.732699733080587,39.969063762270665,-1
2025-06-02,Hyderabad,21.09644437982825,61.62552446707019,25.8604538090336,44.36338329665737,-1
2025-06-02,Mumbai,45.64293662772732,89.71139415010951,7.462356281241549,35.06014735516932,-1
2025-06-02,Mumbai,24.04589745262953,81.70781643675323,12.437986403935902,31.55447096344237,-1
2025-06-02,Pune,17.105942081427536,23.84550041228983,11.48671013664624,42.0230537523224,-1
2025-06-03,Bangalore,49.53404450621253,35.23650743621175,10.822512123886137,21.052644364185426,-1
2025-06-03,Bangalore,30.61498438890986,71.5956682117494,11.52657932932213,13.671748343058354,-1
2025-06-03,Chennai,22.761457607155503,20.081508325648315,12.137931877862972,34.53927031369366,-1
2025-06-03,Chennai,33.7131849855213,74.78496921868195,7.604774773980745,34.46467356364195,-1
2025-06-03,Kolkata,38.09237117286028,4.327545997486155,29.153487210021183,34.76576833872985,-1
2025-06-03,Lucknow,51.17184360040902,63.30609621758398,12.241358982378268,44.826658707139394,-1
2025-06-04,Ahmedabad,16.427178164042424,68.31776125915499,1.0929473859456067,18.30656834730634,-1
2025-06-04,Bangalore,46.69319794899635,16.459971838658916,29.36233025034789,21.65190216225248,-1
2025-06-04,Chennai,44.60084555976125,32.619565726636964,30.444546566815347,39.48338980753349,-1
2025-06-04,Kolkata,57.37274771889565,33.67457069453109,15.03790707101358,21.38241981219287,-1
2025-06-04,Lucknow,59.032523860580056,33.50606767419747,23.515371412332563,39.496556104665885,-1
2025-06-04,Mumbai,41.48858058550301,54.09739773088472,6.786037379483901,37.71210275982721,-1
2025-06-05,Bangalore,48.43630074989342,23.74429907739886,15.194237803301483,40.42907585889093,-1
2025-06-05,Jaipur,43.26433889587094,67.89281057366895,25.862235274124345,6.39705187018934,-1
2025-06-05,Jaipur,57.84163863535335,75.45709336692936,16.504602092580082,37.95005056100975,-1
2025-06-05,Pune,46.89255622623028,43.84460617867335,26.272154097485316,9.592285845152,-1
2025-06-06,Chennai,57.38086641630214,16.174785407746008,16.532921389606184,37.10547465938111,-1
2025-06-06,Hyderabad,31.90858932262552,40.63729193012546,11.381354735561946,49.64081498462477,-1
2025-06-06,Jaipur,30.00438299041108,9.083122653395732,15.0624414205359,37.53094222990821,-1
2025-06-06,Jaipur,59.7229879200464,34.2090168100311,22.454067345115156,9.225309719393708,-1
2025-06-06,Kolkata,54.605583160789024,46.08246647277829,13.743455809621366,40.33607865593011,-1
2025-06-06,Kolkata,35.18684052699147,15.1243208899878,24.859555404663908,40.825058525535766,-1
2025-06-06,Mumbai,29.4835974246526,11.946895103223111,12.238317018401812,28.6028962107886,-1
2025-06-06,Mumbai,15.136129302676224,88.37110024982437,21.463334016317333,35.05492362075458,-1
2025-06-07,Ahmedabad,52.23478094578039,46.94840971995101,31.290333509461263,35.079679303033835,-1
2025-06-07,Bangalore,34.14986554715603,26.40830604151201,30.99841519159053,29.213797619798218,-1
2025-06-07,Chennai,28.21095990304841,77.48619058484893,28.52157570161936,24.841094367841794,-1
2025-06-07,Jaipur,36.19292892382269,30.062715868672257,7.45717114016025,37.49040528442059,-1
2025-06-07,Lucknow,60.11885802459284,55.68892555274235,26.688834021585382,44.34105280708504,-1
2025-06-07,Lucknow,40.31978555726237,34.344140367915,6.924265494199295,24.350978481691666,-1
2025-06-07,Lucknow,45.74437036392125,71.82055639503932,31.427938443610188,33.45195268839683,-1
2025-06-08,Mumbai,39.11037282116128,20.692222816858,22.900738094448734,52.41973763321077,-1
2025-06-08,Pune,50.454244279189695,76.48069362357165,27.85339581222899,38.68928994139279,-1
2025-06-09,Ahmedabad,34.81711533007865,39.83800966254787,28.999280001714126,12.277377736967924,-1
2025-06-09,Bangalore,53.06294888267972,44.32940410794397,21.61340682023079,11.776117941334796,-1
2025-06-09,Bangalore,61.36107503184354,64.09840276013735,17.837483490907427,18.37187489170096,-1
2025-06-09,Chennai,50.0453834456909,83.27517903980214,26.98969360229153,24.80246599521371,-1
2025-06-09,Hyderabad,25.32006585027556,25.40335113359775,23.478845636008217,10.48638486877583,-1
2025-06-09,Hyderabad,14.607724036028856,14.44811037088921,21.06285294239276,31.96224039464872,-1
2025-06-09,Jaipur,25.107080001431655,68.333242328614,25.12120486885536,11.032575419241224,-1
2025-06-09,Kolkata,25.84197676196376,73.77914051671925,23.283596113123437,11.397225512885525,-1
2025-06-09,Kolkata,48.84720255486037,19.698667671949305,25.98308446301188,32.56911809698451,-1
2025-06-09,Mumbai,16.324044552932875,49.94487128635705,25.261285164861107,43.96605524118395,-1
2025-06-10,Ahmedabad,25.30777413854016,61.00606603847904,13.850075612600095,9.58812862716411,-1
2025-06-10,Bangalore,43.44968880863805,70.30535033936941,9.706139018359067,10.85467700844814,-1
2025-06-10,Delhi,29.617452610234164,71.78253919546427,25.64370568090751,9.821348696860731,-1
2025-06-10,Jaipur,54.71479384199371,65.39044636892278,23.49817591763707,12.475073971539082,-1
2025-06-10,Mumbai,10.308421181065196,62.103974561768815,20.543804505132623,16.375655338091978,-1
2025-06-10,Mumbai,47.7085660462826,65.16369317717773,25.71497717898249,11.017544187046935,-1
2025-06-10,Pune,32.89857114577543,94.98594741710949,16.045377007394894,32.76426638688099,-1
